cement,blast_furnace_slag,fly_ash,water,superplasticizer,coarse_aggregate,fine_aggregate,age,copper slag,metakaoline,fck
540,0,0,162,2.5,1040,676,28,0,0,79.99
540,0,0,162,2.5,1055,676,28,0,0,61.89
332.5,142.5,0,228,0,932,594,270,0,0,40.27
332.5,142.5,0,228,0,932,594,365,0,0,41.05
198.6,132.4,0,192,0,978.4,825.5,360,0,0,44.3
266,114,0,228,0,932,670,90,0,0,47.03
380,95,0,228,0,932,594,365,0,0,43.7
380,95,0,228,0,932,594,28,0,0,36.45
266,114,0,228,0,932,670,28,0,0,45.85
475,0,0,228,0,932,594,28,0,0,39.29
198.6,132.4,0,192,0,978.4,825.5,90,0,0,38.07
198.6,132.4,0,192,0,978.4,825.5,28,0,0,28.02
427.5,47.5,0,228,0,932,594,270,0,0,43.01
190,190,0,228,0,932,670,90,0,0,42.33
304,76,0,228,0,932,670,28,0,0,47.81
380,0,0,228,0,932,670,90,0,0,52.91
139.6,209.4,0,192,0,1047,806.9,90,0,0,39.36
342,38,0,228,0,932,670,365,0,0,56.14
380,95,0,228,0,932,594,90,0,0,40.56
475,0,0,228,0,932,594,180,0,0,42.62
427.5,47.5,0,228,0,932,594,180,0,0,41.84
139.6,209.4,0,192,0,1047,806.9,28,0,0,28.24
139.6,209.4,0,192,0,1047,806.9,3,0,0,8.06
139.6,209.4,0,192,0,1047,806.9,180,0,0,44.21
380,0,0,228,0,932,670,365,0,0,52.52
380,0,0,228,0,932,670,270,0,0,53.3
380,95,0,228,0,932,594,270,0,0,41.15
342,38,0,228,0,932,670,180,0,0,52.12
427.5,47.5,0,228,0,932,594,28,0,0,37.43
475,0,0,228,0,932,594,7,0,0,38.6
304,76,0,228,0,932,670,365,0,0,55.26
266,114,0,228,0,932,670,365,0,0,52.91
198.6,132.4,0,192,0,978.4,825.5,180,0,0,41.72
475,0,0,228,0,932,594,270,0,0,42.13
190,190,0,228,0,932,670,365,0,0,53.69
237.5,237.5,0,228,0,932,594,270,0,0,38.41
237.5,237.5,0,228,0,932,594,28,0,0,30.08
332.5,142.5,0,228,0,932,594,90,0,0,37.72
475,0,0,228,0,932,594,90,0,0,42.23
237.5,237.5,0,228,0,932,594,180,0,0,36.25
342,38,0,228,0,932,670,90,0,0,50.46
427.5,47.5,0,228,0,932,594,365,0,0,43.7
237.5,237.5,0,228,0,932,594,365,0,0,39
380,0,0,228,0,932,670,180,0,0,53.1
427.5,47.5,0,228,0,932,594,90,0,0,41.54
427.5,47.5,0,228,0,932,594,7,0,0,35.08
349,0,0,192,0,1047,806.9,3,0,0,15.05
380,95,0,228,0,932,594,180,0,0,40.76
237.5,237.5,0,228,0,932,594,7,0,0,26.26
380,95,0,228,0,932,594,7,0,0,32.82
332.5,142.5,0,228,0,932,594,180,0,0,39.78
190,190,0,228,0,932,670,180,0,0,46.93
237.5,237.5,0,228,0,932,594,90,0,0,33.12
304,76,0,228,0,932,670,90,0,0,49.19
139.6,209.4,0,192,0,1047,806.9,7,0,0,14.59
198.6,132.4,0,192,0,978.4,825.5,7,0,0,14.64
475,0,0,228,0,932,594,365,0,0,41.93
198.6,132.4,0,192,0,978.4,825.5,3,0,0,9.13
304,76,0,228,0,932,670,180,0,0,50.95
332.5,142.5,0,228,0,932,594,28,0,0,33.02
304,76,0,228,0,932,670,270,0,0,54.38
266,114,0,228,0,932,670,270,0,0,51.73
310,0,0,192,0,971,850.6,3,0,0,9.87
190,190,0,228,0,932,670,270,0,0,50.66
266,114,0,228,0,932,670,180,0,0,48.7
342,38,0,228,0,932,670,270,0,0,55.06
139.6,209.4,0,192,0,1047,806.9,360,0,0,44.7
332.5,142.5,0,228,0,932,594,7,0,0,30.28
190,190,0,228,0,932,670,28,0,0,40.86
485,0,0,146,0,1120,800,28,0,0,71.99
374,189.2,0,170.1,10.1,926.1,756.7,3,0,0,34.4
313.3,262.2,0,175.5,8.6,1046.9,611.8,3,0,0,28.8
425,106.3,0,153.5,16.5,852.1,887.1,3,0,0,33.4
425,106.3,0,151.4,18.6,936,803.7,3,0,0,36.3
375,93.8,0,126.6,23.4,852.1,992.6,3,0,0,29
475,118.8,0,181.1,8.9,852.1,781.5,3,0,0,37.8
469,117.2,0,137.8,32.2,852.1,840.5,3,0,0,40.2
425,106.3,0,153.5,16.5,852.1,887.1,3,0,0,33.4
388.6,97.1,0,157.9,12.1,852.1,925.7,3,0,0,28.1
531.3,0,0,141.8,28.2,852.1,893.7,3,0,0,41.3
425,106.3,0,153.5,16.5,852.1,887.1,3,0,0,33.4
318.8,212.5,0,155.7,14.3,852.1,880.4,3,0,0,25.2
401.8,94.7,0,147.4,11.4,946.8,852.1,3,0,0,41.1
362.6,189,0,164.9,11.6,944.7,755.8,3,0,0,35.3
323.7,282.8,0,183.8,10.3,942.7,659.9,3,0,0,28.3
379.5,151.2,0,153.9,15.9,1134.3,605,3,0,0,28.6
362.6,189,0,164.9,11.6,944.7,755.8,3,0,0,35.3
286.3,200.9,0,144.7,11.2,1004.6,803.7,3,0,0,24.4
362.6,189,0,164.9,11.6,944.7,755.8,3,0,0,35.3
439,177,0,186,11.1,884.9,707.9,3,0,0,39.3
389.9,189,0,145.9,22,944.7,755.8,3,0,0,40.6
362.6,189,0,164.9,11.6,944.7,755.8,3,0,0,35.3
337.9,189,0,174.9,9.5,944.7,755.8,3,0,0,24.1
374,189.2,0,170.1,10.1,926.1,756.7,7,0,0,46.2
313.3,262.2,0,175.5,8.6,1046.9,611.8,7,0,0,42.8
425,106.3,0,153.5,16.5,852.1,887.1,7,0,0,49.2
425,106.3,0,151.4,18.6,936,803.7,7,0,0,46.8
375,93.8,0,126.6,23.4,852.1,992.6,7,0,0,45.7
475,118.8,0,181.1,8.9,852.1,781.5,7,0,0,55.6
469,117.2,0,137.8,32.2,852.1,840.5,7,0,0,54.9
425,106.3,0,153.5,16.5,852.1,887.1,7,0,0,49.2
388.6,97.1,0,157.9,12.1,852.1,925.7,7,0,0,34.9
531.3,0,0,141.8,28.2,852.1,893.7,7,0,0,46.9
425,106.3,0,153.5,16.5,852.1,887.1,7,0,0,49.2
318.8,212.5,0,155.7,14.3,852.1,880.4,7,0,0,33.4
401.8,94.7,0,147.4,11.4,946.8,852.1,7,0,0,54.1
362.6,189,0,164.9,11.6,944.7,755.8,7,0,0,55.9
323.7,282.8,0,183.8,10.3,942.7,659.9,7,0,0,49.8
379.5,151.2,0,153.9,15.9,1134.3,605,7,0,0,47.1
362.6,189,0,164.9,11.6,944.7,755.8,7,0,0,55.9
286.3,200.9,0,144.7,11.2,1004.6,803.7,7,0,0,38
362.6,189,0,164.9,11.6,944.7,755.8,7,0,0,55.9
439,177,0,186,11.1,884.9,707.9,7,0,0,56.1
389.9,189,0,145.9,22,944.7,755.8,7,0,0,59.09
362.6,189,0,164.9,11.6,944.7,755.8,7,0,0,22.9
337.9,189,0,174.9,9.5,944.7,755.8,7,0,0,35.1
374,189.2,0,170.1,10.1,926.1,756.7,28,0,0,61.09
313.3,262.2,0,175.5,8.6,1046.9,611.8,28,0,0,59.8
425,106.3,0,153.5,16.5,852.1,887.1,28,0,0,60.29
425,106.3,0,151.4,18.6,936,803.7,28,0,0,61.8
375,93.8,0,126.6,23.4,852.1,992.6,28,0,0,56.7
475,118.8,0,181.1,8.9,852.1,781.5,28,0,0,68.3
469,117.2,0,137.8,32.2,852.1,840.5,28,0,0,66.9
425,106.3,0,153.5,16.5,852.1,887.1,28,0,0,60.29
388.6,97.1,0,157.9,12.1,852.1,925.7,28,0,0,50.7
531.3,0,0,141.8,28.2,852.1,893.7,28,0,0,56.4
425,106.3,0,153.5,16.5,852.1,887.1,28,0,0,60.29
318.8,212.5,0,155.7,14.3,852.1,880.4,28,0,0,55.5
401.8,94.7,0,147.4,11.4,946.8,852.1,28,0,0,68.5
362.6,189,0,164.9,11.6,944.7,755.8,28,0,0,71.3
323.7,282.8,0,183.8,10.3,942.7,659.9,28,0,0,74.7
379.5,151.2,0,153.9,15.9,1134.3,605,28,0,0,52.2
362.6,189,0,164.9,11.6,944.7,755.8,28,0,0,71.3
286.3,200.9,0,144.7,11.2,1004.6,803.7,28,0,0,67.7
362.6,189,0,164.9,11.6,944.7,755.8,28,0,0,71.3
439,177,0,186,11.1,884.9,707.9,28,0,0,66
389.9,189,0,145.9,22,944.7,755.8,28,0,0,74.5
362.6,189,0,164.9,11.6,944.7,755.8,28,0,0,71.3
337.9,189,0,174.9,9.5,944.7,755.8,28,0,0,49.9
374,189.2,0,170.1,10.1,926.1,756.7,56,0,0,63.4
313.3,262.2,0,175.5,8.6,1046.9,611.8,56,0,0,64.9
425,106.3,0,153.5,16.5,852.1,887.1,56,0,0,64.3
425,106.3,0,151.4,18.6,936,803.7,56,0,0,64.9
375,93.8,0,126.6,23.4,852.1,992.6,56,0,0,60.2
475,118.8,0,181.1,8.9,852.1,781.5,56,0,0,72.3
469,117.2,0,137.8,32.2,852.1,840.5,56,0,0,69.3
425,106.3,0,153.5,16.5,852.1,887.1,56,0,0,64.3
388.6,97.1,0,157.9,12.1,852.1,925.7,56,0,0,55.2
531.3,0,0,141.8,28.2,852.1,893.7,56,0,0,58.8
425,106.3,0,153.5,16.5,852.1,887.1,56,0,0,64.3
318.8,212.5,0,155.7,14.3,852.1,880.4,56,0,0,66.1
401.8,94.7,0,147.4,11.4,946.8,852.1,56,0,0,73.7
362.6,189,0,164.9,11.6,944.7,755.8,56,0,0,77.3
323.7,282.8,0,183.8,10.3,942.7,659.9,56,0,0,80.2
379.5,151.2,0,153.9,15.9,1134.3,605,56,0,0,54.9
362.6,189,0,164.9,11.6,944.7,755.8,56,0,0,77.3
286.3,200.9,0,144.7,11.2,1004.6,803.7,56,0,0,72.99
362.6,189,0,164.9,11.6,944.7,755.8,56,0,0,77.3
439,177,0,186,11.1,884.9,707.9,56,0,0,71.7
389.9,189,0,145.9,22,944.7,755.8,56,0,0,79.4
362.6,189,0,164.9,11.6,944.7,755.8,56,0,0,77.3
337.9,189,0,174.9,9.5,944.7,755.8,56,0,0,59.89
374,189.2,0,170.1,10.1,926.1,756.7,91,0,0,64.9
313.3,262.2,0,175.5,8.6,1046.9,611.8,91,0,0,66.6
425,106.3,0,153.5,16.5,852.1,887.1,91,0,0,65.2
425,106.3,0,151.4,18.6,936,803.7,91,0,0,66.7
375,93.8,0,126.6,23.4,852.1,992.6,91,0,0,62.5
475,118.8,0,181.1,8.9,852.1,781.5,91,0,0,74.19
469,117.2,0,137.8,32.2,852.1,840.5,91,0,0,70.7
425,106.3,0,153.5,16.5,852.1,887.1,91,0,0,65.2
388.6,97.1,0,157.9,12.1,852.1,925.7,91,0,0,57.6
531.3,0,0,141.8,28.2,852.1,893.7,91,0,0,59.2
425,106.3,0,153.5,16.5,852.1,887.1,91,0,0,65.2
318.8,212.5,0,155.7,14.3,852.1,880.4,91,0,0,68.1
401.8,94.7,0,147.4,11.4,946.8,852.1,91,0,0,75.5
362.6,189,0,164.9,11.6,944.7,755.8,91,0,0,79.3
379.5,151.2,0,153.9,15.9,1134.3,605,91,0,0,56.5
362.6,189,0,164.9,11.6,944.7,755.8,91,0,0,79.3
286.3,200.9,0,144.7,11.2,1004.6,803.7,91,0,0,76.8
362.6,189,0,164.9,11.6,944.7,755.8,91,0,0,79.3
439,177,0,186,11.1,884.9,707.9,91,0,0,73.3
389.9,189,0,145.9,22,944.7,755.8,91,0,0,82.6
362.6,189,0,164.9,11.6,944.7,755.8,91,0,0,79.3
337.9,189,0,174.9,9.5,944.7,755.8,91,0,0,67.8
222.4,0,96.7,189.3,4.5,967.1,870.3,3,0,0,11.58
222.4,0,96.7,189.3,4.5,967.1,870.3,14,0,0,24.45
222.4,0,96.7,189.3,4.5,967.1,870.3,28,0,0,24.89
222.4,0,96.7,189.3,4.5,967.1,870.3,56,0,0,29.45
222.4,0,96.7,189.3,4.5,967.1,870.3,100,0,0,40.71
233.8,0,94.6,197.9,4.6,947,852.2,3,0,0,10.38
233.8,0,94.6,197.9,4.6,947,852.2,14,0,0,22.14
233.8,0,94.6,197.9,4.6,947,852.2,28,0,0,22.84
233.8,0,94.6,197.9,4.6,947,852.2,56,0,0,27.66
233.8,0,94.6,197.9,4.6,947,852.2,100,0,0,34.56
194.7,0,100.5,165.6,7.5,1006.4,905.9,3,0,0,12.45
194.7,0,100.5,165.6,7.5,1006.4,905.9,14,0,0,24.99
194.7,0,100.5,165.6,7.5,1006.4,905.9,28,0,0,25.72
194.7,0,100.5,165.6,7.5,1006.4,905.9,56,0,0,33.96
194.7,0,100.5,165.6,7.5,1006.4,905.9,100,0,0,37.34
190.7,0,125.4,162.1,7.8,1090,804,3,0,0,15.04
190.7,0,125.4,162.1,7.8,1090,804,14,0,0,21.06
190.7,0,125.4,162.1,7.8,1090,804,28,0,0,26.4
190.7,0,125.4,162.1,7.8,1090,804,56,0,0,35.34
190.7,0,125.4,162.1,7.8,1090,804,100,0,0,40.57
212.1,0,121.6,180.3,5.7,1057.6,779.3,3,0,0,12.47
212.1,0,121.6,180.3,5.7,1057.6,779.3,14,0,0,20.92
212.1,0,121.6,180.3,5.7,1057.6,779.3,28,0,0,24.9
212.1,0,121.6,180.3,5.7,1057.6,779.3,56,0,0,34.2
212.1,0,121.6,180.3,5.7,1057.6,779.3,100,0,0,39.61
230,0,118.3,195.5,4.6,1029.4,758.6,3,0,0,10.03
230,0,118.3,195.5,4.6,1029.4,758.6,14,0,0,20.08
230,0,118.3,195.5,4.6,1029.4,758.6,28,0,0,24.48
230,0,118.3,195.5,4.6,1029.4,758.6,56,0,0,31.54
230,0,118.3,195.5,4.6,1029.4,758.6,100,0,0,35.34
190.3,0,125.2,161.9,9.9,1088.1,802.6,3,0,0,9.45
190.3,0,125.2,161.9,9.9,1088.1,802.6,14,0,0,22.72
190.3,0,125.2,161.9,9.9,1088.1,802.6,28,0,0,28.47
190.3,0,125.2,161.9,9.9,1088.1,802.6,56,0,0,38.56
190.3,0,125.2,161.9,9.9,1088.1,802.6,100,0,0,40.39
166.1,0,163.3,176.5,4.5,1058.6,780.1,3,0,0,10.76
166.1,0,163.3,176.5,4.5,1058.6,780.1,14,0,0,25.48
166.1,0,163.3,176.5,4.5,1058.6,780.1,28,0,0,21.54
166.1,0,163.3,176.5,4.5,1058.6,780.1,56,0,0,28.63
166.1,0,163.3,176.5,4.5,1058.6,780.1,100,0,0,33.54
168,42.1,163.8,121.8,5.7,1058.7,780.1,3,0,0,7.75
168,42.1,163.8,121.8,5.7,1058.7,780.1,14,0,0,17.82
168,42.1,163.8,121.8,5.7,1058.7,780.1,28,0,0,24.24
168,42.1,163.8,121.8,5.7,1058.7,780.1,56,0,0,32.85
168,42.1,163.8,121.8,5.7,1058.7,780.1,100,0,0,39.23
213.7,98.1,24.5,181.7,6.9,1065.8,785.4,3,0,0,18
213.7,98.1,24.5,181.7,6.9,1065.8,785.4,14,0,0,30.39
213.7,98.1,24.5,181.7,6.9,1065.8,785.4,28,0,0,45.71
213.7,98.1,24.5,181.7,6.9,1065.8,785.4,56,0,0,50.77
213.7,98.1,24.5,181.7,6.9,1065.8,785.4,100,0,0,53.9
213.8,98.1,24.5,181.7,6.7,1066,785.5,3,0,0,13.18
213.8,98.1,24.5,181.7,6.7,1066,785.5,14,0,0,17.84
213.8,98.1,24.5,181.7,6.7,1066,785.5,28,0,0,40.23
213.8,98.1,24.5,181.7,6.7,1066,785.5,56,0,0,47.13
213.8,98.1,24.5,181.7,6.7,1066,785.5,100,0,0,49.97
229.7,0,118.2,195.2,6.1,1028.1,757.6,3,0,0,13.36
229.7,0,118.2,195.2,6.1,1028.1,757.6,14,0,0,22.32
229.7,0,118.2,195.2,6.1,1028.1,757.6,28,0,0,24.54
229.7,0,118.2,195.2,6.1,1028.1,757.6,56,0,0,31.35
229.7,0,118.2,195.2,6.1,1028.1,757.6,100,0,0,40.86
238.1,0,94.1,186.7,7,949.9,847,3,0,0,19.93
238.1,0,94.1,186.7,7,949.9,847,14,0,0,25.69
238.1,0,94.1,186.7,7,949.9,847,28,0,0,30.23
238.1,0,94.1,186.7,7,949.9,847,56,0,0,39.59
238.1,0,94.1,186.7,7,949.9,847,100,0,0,44.3
250,0,95.7,187.4,5.5,956.9,861.2,3,0,0,13.82
250,0,95.7,187.4,5.5,956.9,861.2,14,0,0,24.92
250,0,95.7,187.4,5.5,956.9,861.2,28,0,0,29.22
250,0,95.7,187.4,5.5,956.9,861.2,56,0,0,38.33
250,0,95.7,187.4,5.5,956.9,861.2,100,0,0,42.35
212.5,0,100.4,159.3,8.7,1007.8,903.6,3,0,0,13.54
212.5,0,100.4,159.3,8.7,1007.8,903.6,14,0,0,26.31
212.5,0,100.4,159.3,8.7,1007.8,903.6,28,0,0,31.64
212.5,0,100.4,159.3,8.7,1007.8,903.6,56,0,0,42.55
212.5,0,100.4,159.3,8.7,1007.8,903.6,100,0,0,42.92
212.6,0,100.4,159.4,10.4,1003.8,903.8,3,0,0,13.33
212.6,0,100.4,159.4,10.4,1003.8,903.8,14,0,0,25.37
212.6,0,100.4,159.4,10.4,1003.8,903.8,28,0,0,37.4
212.6,0,100.4,159.4,10.4,1003.8,903.8,56,0,0,44.4
212.6,0,100.4,159.4,10.4,1003.8,903.8,100,0,0,47.74
212,0,124.8,159,7.8,1085.4,799.5,3,0,0,19.52
212,0,124.8,159,7.8,1085.4,799.5,14,0,0,31.35
212,0,124.8,159,7.8,1085.4,799.5,28,0,0,38.5
212,0,124.8,159,7.8,1085.4,799.5,56,0,0,45.08
212,0,124.8,159,7.8,1085.4,799.5,100,0,0,47.82
231.8,0,121.6,174,6.7,1056.4,778.5,3,0,0,15.44
231.8,0,121.6,174,6.7,1056.4,778.5,14,0,0,26.77
231.8,0,121.6,174,6.7,1056.4,778.5,28,0,0,33.73
231.8,0,121.6,174,6.7,1056.4,778.5,56,0,0,42.7
231.8,0,121.6,174,6.7,1056.4,778.5,100,0,0,45.84
251.4,0,118.3,188.5,5.8,1028.4,757.7,3,0,0,17.22
251.4,0,118.3,188.5,5.8,1028.4,757.7,14,0,0,29.93
251.4,0,118.3,188.5,5.8,1028.4,757.7,28,0,0,29.65
251.4,0,118.3,188.5,5.8,1028.4,757.7,56,0,0,36.97
251.4,0,118.3,188.5,5.8,1028.4,757.7,100,0,0,43.58
251.4,0,118.3,188.5,6.4,1028.4,757.7,3,0,0,13.12
251.4,0,118.3,188.5,6.4,1028.4,757.7,14,0,0,24.43
251.4,0,118.3,188.5,6.4,1028.4,757.7,28,0,0,32.66
251.4,0,118.3,188.5,6.4,1028.4,757.7,56,0,0,36.64
251.4,0,118.3,188.5,6.4,1028.4,757.7,100,0,0,44.21
181.4,0,167,169.6,7.6,1055.6,777.8,3,0,0,13.62
181.4,0,167,169.6,7.6,1055.6,777.8,14,0,0,21.6
181.4,0,167,169.6,7.6,1055.6,777.8,28,0,0,27.77
181.4,0,167,169.6,7.6,1055.6,777.8,56,0,0,35.57
181.4,0,167,169.6,7.6,1055.6,777.8,100,0,0,45.37
182,45.2,122,170.2,8.2,1059.4,780.7,3,0,0,7.32
182,45.2,122,170.2,8.2,1059.4,780.7,14,0,0,21.5
182,45.2,122,170.2,8.2,1059.4,780.7,28,0,0,31.27
182,45.2,122,170.2,8.2,1059.4,780.7,56,0,0,43.5
182,45.2,122,170.2,8.2,1059.4,780.7,100,0,0,48.67
168.9,42.2,124.3,158.3,10.8,1080.8,796.2,3,0,0,7.4
168.9,42.2,124.3,158.3,10.8,1080.8,796.2,14,0,0,23.51
168.9,42.2,124.3,158.3,10.8,1080.8,796.2,28,0,0,31.12
168.9,42.2,124.3,158.3,10.8,1080.8,796.2,56,0,0,39.15
168.9,42.2,124.3,158.3,10.8,1080.8,796.2,100,0,0,48.15
290.4,0,96.2,168.1,9.4,961.2,865,3,0,0,22.5
290.4,0,96.2,168.1,9.4,961.2,865,14,0,0,34.67
290.4,0,96.2,168.1,9.4,961.2,865,28,0,0,34.74
290.4,0,96.2,168.1,9.4,961.2,865,56,0,0,45.08
290.4,0,96.2,168.1,9.4,961.2,865,100,0,0,48.97
277.1,0,97.4,160.6,11.8,973.9,875.6,3,0,0,23.14
277.1,0,97.4,160.6,11.8,973.9,875.6,14,0,0,41.89
277.1,0,97.4,160.6,11.8,973.9,875.6,28,0,0,48.28
277.1,0,97.4,160.6,11.8,973.9,875.6,56,0,0,51.04
277.1,0,97.4,160.6,11.8,973.9,875.6,100,0,0,55.64
295.7,0,95.6,171.5,8.9,955.1,859.2,3,0,0,22.95
295.7,0,95.6,171.5,8.9,955.1,859.2,14,0,0,35.23
295.7,0,95.6,171.5,8.9,955.1,859.2,28,0,0,39.94
295.7,0,95.6,171.5,8.9,955.1,859.2,56,0,0,48.72
295.7,0,95.6,171.5,8.9,955.1,859.2,100,0,0,52.04
251.8,0,99.9,146.1,12.4,1006,899.8,3,0,0,21.02
251.8,0,99.9,146.1,12.4,1006,899.8,14,0,0,33.36
251.8,0,99.9,146.1,12.4,1006,899.8,28,0,0,33.94
251.8,0,99.9,146.1,12.4,1006,899.8,56,0,0,44.14
251.8,0,99.9,146.1,12.4,1006,899.8,100,0,0,45.37
249.1,0,98.8,158.1,12.8,987.8,889,3,0,0,15.36
249.1,0,98.8,158.1,12.8,987.8,889,14,0,0,28.68
249.1,0,98.8,158.1,12.8,987.8,889,28,0,0,30.85
249.1,0,98.8,158.1,12.8,987.8,889,56,0,0,42.03
249.1,0,98.8,158.1,12.8,987.8,889,100,0,0,51.06
252.3,0,98.8,146.3,14.2,987.8,889,3,0,0,21.78
252.3,0,98.8,146.3,14.2,987.8,889,14,0,0,42.29
252.3,0,98.8,146.3,14.2,987.8,889,28,0,0,50.6
252.3,0,98.8,146.3,14.2,987.8,889,56,0,0,55.83
252.3,0,98.8,146.3,14.2,987.8,889,100,0,0,60.95
246.8,0,125.1,143.3,12,1086.8,800.9,3,0,0,23.52
246.8,0,125.1,143.3,12,1086.8,800.9,14,0,0,42.22
246.8,0,125.1,143.3,12,1086.8,800.9,28,0,0,52.5
246.8,0,125.1,143.3,12,1086.8,800.9,56,0,0,60.32
246.8,0,125.1,143.3,12,1086.8,800.9,100,0,0,66.42
275.1,0,121.4,159.5,9.9,1053.6,777.5,3,0,0,23.8
275.1,0,121.4,159.5,9.9,1053.6,777.5,14,0,0,38.77
275.1,0,121.4,159.5,9.9,1053.6,777.5,28,0,0,51.33
275.1,0,121.4,159.5,9.9,1053.6,777.5,56,0,0,56.85
275.1,0,121.4,159.5,9.9,1053.6,777.5,100,0,0,58.61
297.2,0,117.5,174.8,9.5,1022.8,753.5,3,0,0,21.91
297.2,0,117.5,174.8,9.5,1022.8,753.5,14,0,0,36.99
297.2,0,117.5,174.8,9.5,1022.8,753.5,28,0,0,47.4
297.2,0,117.5,174.8,9.5,1022.8,753.5,56,0,0,51.96
297.2,0,117.5,174.8,9.5,1022.8,753.5,100,0,0,56.74
213.7,0,174.7,154.8,10.2,1053.5,776.4,3,0,0,17.57
213.7,0,174.7,154.8,10.2,1053.5,776.4,14,0,0,33.73
213.7,0,174.7,154.8,10.2,1053.5,776.4,28,0,0,40.15
213.7,0,174.7,154.8,10.2,1053.5,776.4,56,0,0,46.64
213.7,0,174.7,154.8,10.2,1053.5,776.4,100,0,0,50.08
213.5,0,174.2,154.6,11.7,1052.3,775.5,3,0,0,17.37
213.5,0,174.2,154.6,11.7,1052.3,775.5,14,0,0,33.7
213.5,0,174.2,154.6,11.7,1052.3,775.5,28,0,0,45.94
213.5,0,174.2,154.6,11.7,1052.3,775.5,56,0,0,51.43
213.5,0,174.2,154.6,11.7,1052.3,775.5,100,0,0,59.3
277.2,97.8,24.5,160.7,11.2,1061.7,782.5,3,0,0,30.45
277.2,97.8,24.5,160.7,11.2,1061.7,782.5,14,0,0,47.71
277.2,97.8,24.5,160.7,11.2,1061.7,782.5,28,0,0,63.14
277.2,97.8,24.5,160.7,11.2,1061.7,782.5,56,0,0,66.82
277.2,97.8,24.5,160.7,11.2,1061.7,782.5,100,0,0,66.95
218.2,54.6,123.8,140.8,11.9,1075.7,792.7,3,0,0,27.42
218.2,54.6,123.8,140.8,11.9,1075.7,792.7,14,0,0,35.96
218.2,54.6,123.8,140.8,11.9,1075.7,792.7,28,0,0,55.51
218.2,54.6,123.8,140.8,11.9,1075.7,792.7,56,0,0,61.99
218.2,54.6,123.8,140.8,11.9,1075.7,792.7,100,0,0,63.53
214.9,53.8,121.9,155.6,9.6,1014.3,780.6,3,0,0,18.02
214.9,53.8,121.9,155.6,9.6,1014.3,780.6,14,0,0,38.6
214.9,53.8,121.9,155.6,9.6,1014.3,780.6,28,0,0,52.2
214.9,53.8,121.9,155.6,9.6,1014.3,780.6,56,0,0,53.96
214.9,53.8,121.9,155.6,9.6,1014.3,780.6,100,0,0,56.63
218.9,0,124.1,158.5,11.3,1078.7,794.9,3,0,0,15.34
218.9,0,124.1,158.5,11.3,1078.7,794.9,14,0,0,26.05
218.9,0,124.1,158.5,11.3,1078.7,794.9,28,0,0,30.22
218.9,0,124.1,158.5,11.3,1078.7,794.9,56,0,0,37.27
218.9,0,124.1,158.5,11.3,1078.7,794.9,100,0,0,46.23
376,0,0,214.6,0,1003.5,762.4,3,0,0,16.28
376,0,0,214.6,0,1003.5,762.4,14,0,0,25.62
376,0,0,214.6,0,1003.5,762.4,28,0,0,31.97
376,0,0,214.6,0,1003.5,762.4,56,0,0,36.3
376,0,0,214.6,0,1003.5,762.4,100,0,0,43.06
500,0,0,140,4,966,853,28,0,0,67.57
475,0,59,142,1.9,1098,641,28,0,0,57.23
315,137,0,145,5.9,1130,745,28,0,0,81.75
505,0,60,195,0,1030,630,28,0,0,64.02
451,0,0,165,11.3,1030,745,28,0,0,78.8
516,0,0,162,8.2,801,802,28,0,0,41.37
520,0,0,170,5.2,855,855,28,0,0,60.28
528,0,0,185,6.9,920,720,28,0,0,56.83
520,0,0,175,5.2,870,805,28,0,0,51.02
385,0,136,158,20,903,768,28,0,0,55.55
500.1,0,0,200,3,1124.4,613.2,28,0,0,44.13
450.1,50,0,200,3,1124.4,613.2,28,0,0,39.38
397,17.2,158,167,20.8,967,633,28,0,0,55.65
333,17.5,163,167,17.9,996,652,28,0,0,47.28
334,17.6,158,189,15.3,967,633,28,0,0,44.33
405,0,0,175,0,1120,695,28,0,0,52.3
200,200,0,190,0,1145,660,28,0,0,49.25
516,0,0,162,8.3,801,802,28,0,0,41.37
145,116,119,184,5.7,833,880,28,0,0,29.16
160,128,122,182,6.4,824,879,28,0,0,39.4
234,156,0,189,5.9,981,760,28,0,0,39.3
250,180,95,159,9.5,860,800,28,0,0,67.87
475,0,0,162,9.5,1044,662,28,0,0,58.52
285,190,0,163,7.6,1031,685,28,0,0,53.58
356,119,0,160,9,1061,657,28,0,0,59
275,180,120,162,10.4,830,765,28,0,0,76.24
500,0,0,151,9,1033,655,28,0,0,69.84
165,0,143.6,163.8,0,1005.6,900.9,3,0,0,14.4
165,128.5,132.1,175.1,8.1,1005.8,746.6,3,0,0,19.42
178,129.8,118.6,179.9,3.6,1007.3,746.8,3,0,0,20.73
167.4,129.9,128.6,175.5,7.8,1006.3,746.6,3,0,0,14.94
172.4,13.6,172.4,156.8,4.1,1006.3,856.4,3,0,0,21.29
173.5,50.1,173.5,164.8,6.5,1006.2,793.5,3,0,0,23.08
167,75.4,167,164,7.9,1007.3,770.1,3,0,0,15.52
173.8,93.4,159.9,172.3,9.7,1007.2,746.6,3,0,0,15.82
190.3,0,125.2,166.6,9.9,1079,798.9,3,0,0,12.55
250,0,95.7,191.8,5.3,948.9,857.2,3,0,0,8.49
213.5,0,174.2,159.2,11.7,1043.6,771.9,3,0,0,15.61
194.7,0,100.5,170.2,7.5,998,901.8,3,0,0,12.18
251.4,0,118.3,192.9,5.8,1043.6,754.3,3,0,0,11.98
165,0,143.6,163.8,0,1005.6,900.9,14,0,0,16.88
165,128.5,132.1,175.1,8.1,1005.8,746.6,14,0,0,33.09
178,129.8,118.6,179.9,3.6,1007.3,746.8,14,0,0,34.24
167.4,129.9,128.6,175.5,7.8,1006.3,746.6,14,0,0,31.81
172.4,13.6,172.4,156.8,4.1,1006.3,856.4,14,0,0,29.75
173.5,50.1,173.5,164.8,6.5,1006.2,793.5,14,0,0,33.01
167,75.4,167,164,7.9,1007.3,770.1,14,0,0,32.9
173.8,93.4,159.9,172.3,9.7,1007.2,746.6,14,0,0,29.55
190.3,0,125.2,166.6,9.9,1079,798.9,14,0,0,19.42
250,0,95.7,191.8,5.3,948.9,857.2,14,0,0,24.66
213.5,0,174.2,159.2,11.7,1043.6,771.9,14,0,0,29.59
194.7,0,100.5,170.2,7.5,998,901.8,14,0,0,24.28
251.4,0,118.3,192.9,5.8,1043.6,754.3,14,0,0,20.73
165,0,143.6,163.8,0,1005.6,900.9,28,0,0,26.2
165,128.5,132.1,175.1,8.1,1005.8,746.6,28,0,0,46.39
178,129.8,118.6,179.9,3.6,1007.3,746.8,28,0,0,39.16
167.4,129.9,128.6,175.5,7.8,1006.3,746.6,28,0,0,41.2
172.4,13.6,172.4,156.8,4.1,1006.3,856.4,28,0,0,33.69
173.5,50.1,173.5,164.8,6.5,1006.2,793.5,28,0,0,38.2
167,75.4,167,164,7.9,1007.3,770.1,28,0,0,41.41
173.8,93.4,159.9,172.3,9.7,1007.2,746.6,28,0,0,37.81
190.3,0,125.2,166.6,9.9,1079,798.9,28,0,0,24.85
250,0,95.7,191.8,5.3,948.9,857.2,28,0,0,27.22
213.5,0,174.2,159.2,11.7,1043.6,771.9,28,0,0,44.64
194.7,0,100.5,170.2,7.5,998,901.8,28,0,0,37.27
251.4,0,118.3,192.9,5.8,1043.6,754.3,28,0,0,33.27
165,0,143.6,163.8,0,1005.6,900.9,56,0,0,36.56
165,128.5,132.1,175.1,8.1,1005.8,746.6,56,0,0,53.72
178,129.8,118.6,179.9,3.6,1007.3,746.8,56,0,0,48.59
167.4,129.9,128.6,175.5,7.8,1006.3,746.6,56,0,0,51.72
172.4,13.6,172.4,156.8,4.1,1006.3,856.4,56,0,0,35.85
173.5,50.1,173.5,164.8,6.5,1006.2,793.5,56,0,0,53.77
167,75.4,167,164,7.9,1007.3,770.1,56,0,0,53.46
173.8,93.4,159.9,172.3,9.7,1007.2,746.6,56,0,0,48.99
190.3,0,125.2,166.6,9.9,1079,798.9,56,0,0,31.72
250,0,95.7,191.8,5.3,948.9,857.2,56,0,0,39.64
213.5,0,174.2,159.2,11.7,1043.6,771.9,56,0,0,51.26
194.7,0,100.5,170.2,7.5,998,901.8,56,0,0,43.39
251.4,0,118.3,192.9,5.8,1043.6,754.3,56,0,0,39.27
165,0,143.6,163.8,0,1005.6,900.9,100,0,0,37.96
165,128.5,132.1,175.1,8.1,1005.8,746.6,100,0,0,55.02
178,129.8,118.6,179.9,3.6,1007.3,746.8,100,0,0,49.99
167.4,129.9,128.6,175.5,7.8,1006.3,746.6,100,0,0,53.66
172.4,13.6,172.4,156.8,4.1,1006.3,856.4,100,0,0,37.68
173.5,50.1,173.5,164.8,6.5,1006.2,793.5,100,0,0,56.06
167,75.4,167,164,7.9,1007.3,770.1,100,0,0,56.81
173.8,93.4,159.9,172.3,9.7,1007.2,746.6,100,0,0,50.94
190.3,0,125.2,166.6,9.9,1079,798.9,100,0,0,33.56
250,0,95.7,191.8,5.3,948.9,857.2,100,0,0,41.16
213.5,0,174.2,159.2,11.7,1043.6,771.9,100,0,0,52.96
194.7,0,100.5,170.2,7.5,998,901.8,100,0,0,44.28
251.4,0,118.3,192.9,5.8,1043.6,754.3,100,0,0,40.15
446,24,79,162,11.6,967,712,28,0,0,57.03
446,24,79,162,11.6,967,712,28,0,0,44.42
446,24,79,162,11.6,967,712,28,0,0,51.02
446,24,79,162,10.3,967,712,28,0,0,53.39
446,24,79,162,11.6,967,712,3,0,0,35.36
446,24,79,162,11.6,967,712,3,0,0,25.02
446,24,79,162,11.6,967,712,3,0,0,23.35
446,24,79,162,11.6,967,712,7,0,0,52.01
446,24,79,162,11.6,967,712,7,0,0,38.02
446,24,79,162,11.6,967,712,7,0,0,39.3
446,24,79,162,11.6,967,712,56,0,0,61.07
446,24,79,162,11.6,967,712,56,0,0,56.14
446,24,79,162,11.6,967,712,56,0,0,55.25
446,24,79,162,10.3,967,712,56,0,0,54.77
387,20,94,157,14.3,938,845,28,0,0,50.24
387,20,94,157,13.9,938,845,28,0,0,46.68
387,20,94,157,11.6,938,845,28,0,0,46.68
387,20,94,157,14.3,938,845,3,0,0,22.75
387,20,94,157,13.9,938,845,3,0,0,25.51
387,20,94,157,11.6,938,845,3,0,0,34.77
387,20,94,157,14.3,938,845,7,0,0,36.84
387,20,94,157,13.9,938,845,7,0,0,45.9
387,20,94,157,11.6,938,845,7,0,0,41.67
387,20,94,157,14.3,938,845,56,0,0,56.34
387,20,94,157,13.9,938,845,56,0,0,47.97
387,20,94,157,11.6,938,845,56,0,0,61.46
355,19,97,145,13.1,967,871,28,0,0,44.03
355,19,97,145,12.3,967,871,28,0,0,55.45
491,26,123,210,3.9,882,699,28,0,0,55.55
491,26,123,201,3.9,822,699,28,0,0,57.92
491,26,123,210,3.9,882,699,3,0,0,25.61
491,26,123,210,3.9,882,699,7,0,0,33.49
491,26,123,210,3.9,882,699,56,0,0,59.59
491,26,123,201,3.9,822,699,3,0,0,29.55
491,26,123,201,3.9,822,699,7,0,0,37.92
491,26,123,201,3.9,822,699,56,0,0,61.86
424,22,132,178,8.5,822,750,28,0,0,62.05
424,22,132,178,8.5,882,750,3,0,0,32.01
424,22,132,168,8.9,822,750,28,0,0,72.1
424,22,132,178,8.5,822,750,7,0,0,39
424,22,132,178,8.5,822,750,56,0,0,65.7
424,22,132,168,8.9,822,750,3,0,0,32.11
424,22,132,168,8.9,822,750,7,0,0,40.29
424,22,132,168,8.9,822,750,56,0,0,74.36
202,11,141,206,1.7,942,801,28,0,0,21.97
202,11,141,206,1.7,942,801,3,0,0,9.85
202,11,141,206,1.7,942,801,7,0,0,15.07
202,11,141,206,1.7,942,801,56,0,0,23.25
284,15,141,179,5.5,842,801,28,0,0,43.73
284,15,141,179,5.5,842,801,3,0,0,13.4
284,15,141,179,5.5,842,801,7,0,0,24.13
284,15,141,179,5.5,842,801,56,0,0,44.52
359,19,141,154,10.9,942,801,28,0,0,62.94
359,19,141,154,10.9,942,801,28,0,0,59.49
359,19,141,154,10.9,942,801,3,0,0,25.12
359,19,141,154,10.9,942,801,3,0,0,23.64
359,19,141,154,10.9,942,801,7,0,0,35.75
359,19,141,154,10.9,942,801,7,0,0,38.61
359,19,141,154,10.9,942,801,56,0,0,68.75
359,19,141,154,10.9,942,801,56,0,0,66.78
436,0,0,218,0,838.4,719.7,28,0,0,23.85
289,0,0,192,0,913.2,895.3,90,0,0,32.07
289,0,0,192,0,913.2,895.3,3,0,0,11.65
393,0,0,192,0,940.6,785.6,3,0,0,19.2
393,0,0,192,0,940.6,785.6,90,0,0,48.85
393,0,0,192,0,940.6,785.6,28,0,0,39.6
480,0,0,192,0,936.2,712.2,28,0,0,43.94
480,0,0,192,0,936.2,712.2,7,0,0,34.57
480,0,0,192,0,936.2,712.2,90,0,0,54.32
480,0,0,192,0,936.2,712.2,3,0,0,24.4
333,0,0,192,0,931.2,842.6,3,0,0,15.62
255,0,0,192,0,889.8,945,90,0,0,21.86
255,0,0,192,0,889.8,945,7,0,0,10.22
289,0,0,192,0,913.2,895.3,7,0,0,14.6
255,0,0,192,0,889.8,945,28,0,0,18.75
333,0,0,192,0,931.2,842.6,28,0,0,31.97
333,0,0,192,0,931.2,842.6,7,0,0,23.4
289,0,0,192,0,913.2,895.3,28,0,0,25.57
333,0,0,192,0,931.2,842.6,90,0,0,41.68
393,0,0,192,0,940.6,785.6,7,0,0,27.74
255,0,0,192,0,889.8,945,3,0,0,8.2
158.8,238.2,0,185.7,0,1040.6,734.3,7,0,0,9.62
239.6,359.4,0,185.7,0,941.6,664.3,7,0,0,25.42
238.2,158.8,0,185.7,0,1040.6,734.3,7,0,0,15.69
181.9,272.8,0,185.7,0,1012.4,714.3,28,0,0,27.94
193.5,290.2,0,185.7,0,998.2,704.3,28,0,0,32.63
255.5,170.3,0,185.7,0,1026.6,724.3,7,0,0,17.24
272.8,181.9,0,185.7,0,1012.4,714.3,7,0,0,19.77
239.6,359.4,0,185.7,0,941.6,664.3,28,0,0,39.44
220.8,147.2,0,185.7,0,1055,744.3,28,0,0,25.75
397,0,0,185.7,0,1040.6,734.3,28,0,0,33.08
382.5,0,0,185.7,0,1047.8,739.3,7,0,0,24.07
210.7,316.1,0,185.7,0,977,689.3,7,0,0,21.82
158.8,238.2,0,185.7,0,1040.6,734.3,28,0,0,21.07
295.8,0,0,185.7,0,1091.4,769.3,7,0,0,14.84
255.5,170.3,0,185.7,0,1026.6,724.3,28,0,0,32.05
203.5,135.7,0,185.7,0,1076.2,759.3,7,0,0,11.96
397,0,0,185.7,0,1040.6,734.3,7,0,0,25.45
381.4,0,0,185.7,0,1104.6,784.3,28,0,0,22.49
295.8,0,0,185.7,0,1091.4,769.3,28,0,0,25.22
228,342.1,0,185.7,0,955.8,674.3,28,0,0,39.7
220.8,147.2,0,185.7,0,1055,744.3,7,0,0,13.09
316.1,210.7,0,185.7,0,977,689.3,28,0,0,38.7
135.7,203.5,0,185.7,0,1076.2,759.3,7,0,0,7.51
238.1,0,0,185.7,0,1118.8,789.3,28,0,0,17.58
339.2,0,0,185.7,0,1069.2,754.3,7,0,0,21.18
135.7,203.5,0,185.7,0,1076.2,759.3,28,0,0,18.2
193.5,290.2,0,185.7,0,998.2,704.3,7,0,0,17.2
203.5,135.7,0,185.7,0,1076.2,759.3,28,0,0,22.63
290.2,193.5,0,185.7,0,998.2,704.3,7,0,0,21.86
181.9,272.8,0,185.7,0,1012.4,714.3,7,0,0,12.37
170.3,155.5,0,185.7,0,1026.6,724.3,28,0,0,25.73
210.7,316.1,0,185.7,0,977,689.3,28,0,0,37.81
228,342.1,0,185.7,0,955.8,674.3,7,0,0,21.92
290.2,193.5,0,185.7,0,998.2,704.3,28,0,0,33.04
381.4,0,0,185.7,0,1104.6,784.3,7,0,0,14.54
238.2,158.8,0,185.7,0,1040.6,734.3,28,0,0,26.91
186.2,124.1,0,185.7,0,1083.4,764.3,7,0,0,8
339.2,0,0,185.7,0,1069.2,754.3,28,0,0,31.9
238.1,0,0,185.7,0,1118.8,789.3,7,0,0,10.34
252.5,0,0,185.7,0,1111.6,784.3,28,0,0,19.77
382.5,0,0,185.7,0,1047.8,739.3,28,0,0,37.44
252.5,0,0,185.7,0,1111.6,784.3,7,0,0,11.48
316.1,210.7,0,185.7,0,977,689.3,7,0,0,24.44
186.2,124.1,0,185.7,0,1083.4,764.3,28,0,0,17.6
170.3,155.5,0,185.7,0,1026.6,724.3,7,0,0,10.73
272.8,181.9,0,185.7,0,1012.4,714.3,28,0,0,31.38
339,0,0,197,0,968,781,3,0,0,13.22
339,0,0,197,0,968,781,7,0,0,20.97
339,0,0,197,0,968,781,14,0,0,27.04
339,0,0,197,0,968,781,28,0,0,32.04
339,0,0,197,0,968,781,90,0,0,35.17
339,0,0,197,0,968,781,180,0,0,36.45
339,0,0,197,0,968,781,365,0,0,38.89
236,0,0,194,0,968,885,3,0,0,6.47
236,0,0,194,0,968,885,14,0,0,12.84
236,0,0,194,0,968,885,28,0,0,18.42
236,0,0,194,0,968,885,90,0,0,21.95
236,0,0,193,0,968,885,180,0,0,24.1
236,0,0,193,0,968,885,365,0,0,25.08
277,0,0,191,0,968,856,14,0,0,21.26
277,0,0,191,0,968,856,28,0,0,25.97
277,0,0,191,0,968,856,3,0,0,11.36
277,0,0,191,0,968,856,90,0,0,31.25
277,0,0,191,0,968,856,180,0,0,32.33
277,0,0,191,0,968,856,360,0,0,33.7
254,0,0,198,0,968,863,3,0,0,9.31
254,0,0,198,0,968,863,90,0,0,26.94
254,0,0,198,0,968,863,180,0,0,27.63
254,0,0,198,0,968,863,365,0,0,29.79
307,0,0,193,0,968,812,180,0,0,34.49
307,0,0,193,0,968,812,365,0,0,36.15
307,0,0,193,0,968,812,3,0,0,12.54
307,0,0,193,0,968,812,28,0,0,27.53
307,0,0,193,0,968,812,90,0,0,32.92
236,0,0,193,0,968,885,7,0,0,9.99
200,0,0,180,0,1125,845,7,0,0,7.84
200,0,0,180,0,1125,845,28,0,0,12.25
225,0,0,181,0,1113,833,7,0,0,11.17
225,0,0,181,0,1113,833,28,0,0,17.34
325,0,0,184,0,1063,783,7,0,0,17.54
325,0,0,184,0,1063,783,28,0,0,30.57
275,0,0,183,0,1088,808,7,0,0,14.2
275,0,0,183,0,1088,808,28,0,0,24.5
300,0,0,184,0,1075,795,7,0,0,15.58
300,0,0,184,0,1075,795,28,0,0,26.85
375,0,0,186,0,1038,758,7,0,0,26.06
375,0,0,186,0,1038,758,28,0,0,38.21
400,0,0,187,0,1025,745,28,0,0,43.7
400,0,0,187,0,1025,745,7,0,0,30.14
250,0,0,182,0,1100,820,7,0,0,12.73
250,0,0,182,0,1100,820,28,0,0,20.87
350,0,0,186,0,1050,770,7,0,0,20.28
350,0,0,186,0,1050,770,28,0,0,34.29
203.5,305.3,0,203.5,0,963.4,630,7,0,0,19.54
250.2,166.8,0,203.5,0,977.6,694.1,90,0,0,47.71
157,236,0,192,0,935.4,781.2,90,0,0,43.38
141.3,212,0,203.5,0,971.8,748.5,28,0,0,29.89
166.8,250.2,0,203.5,0,975.6,692.6,3,0,0,6.9
122.6,183.9,0,203.5,0,958.2,800.1,90,0,0,33.19
183.9,122.6,0,203.5,0,959.2,800,3,0,0,4.9
102,153,0,192,0,887,942,3,0,0,4.57
102,153,0,192,0,887,942,90,0,0,25.46
122.6,183.9,0,203.5,0,958.2,800.1,28,0,0,24.29
166.8,250.2,0,203.5,0,975.6,692.6,28,0,0,33.95
200,133,0,192,0,965.4,806.2,3,0,0,11.41
108.3,162.4,0,203.5,0,938.2,849,28,0,0,20.59
305.3,203.5,0,203.5,0,965.4,631,7,0,0,25.89
108.3,162.4,0,203.5,0,938.2,849,90,0,0,29.23
116,173,0,192,0,909.8,891.9,90,0,0,31.02
141.3,212,0,203.5,0,971.8,748.5,7,0,0,10.39
157,236,0,192,0,935.4,781.2,28,0,0,33.66
133,200,0,192,0,927.4,839.2,28,0,0,27.87
250.2,166.8,0,203.5,0,977.6,694.1,7,0,0,19.35
173,116,0,192,0,946.8,856.8,7,0,0,11.39
192,288,0,192,0,929.8,716.1,3,0,0,12.79
192,288,0,192,0,929.8,716.1,28,0,0,39.32
153,102,0,192,0,888,943.1,3,0,0,4.78
288,192,0,192,0,932,717.8,3,0,0,16.11
305.3,203.5,0,203.5,0,965.4,631,28,0,0,43.38
236,157,0,192,0,972.6,749.1,7,0,0,20.42
173,116,0,192,0,946.8,856.8,3,0,0,6.94
212,141.3,0,203.5,0,973.4,750,7,0,0,15.03
236,157,0,192,0,972.6,749.1,3,0,0,13.57
183.9,122.6,0,203.5,0,959.2,800,90,0,0,32.53
166.8,250.2,0,203.5,0,975.6,692.6,7,0,0,15.75
102,153,0,192,0,887,942,7,0,0,7.68
288,192,0,192,0,932,717.8,28,0,0,38.8
212,141.3,0,203.5,0,973.4,750,28,0,0,33
102,153,0,192,0,887,942,28,0,0,17.28
173,116,0,192,0,946.8,856.8,28,0,0,24.28
183.9,122.6,0,203.5,0,959.2,800,28,0,0,24.05
133,200,0,192,0,927.4,839.2,90,0,0,36.59
192,288,0,192,0,929.8,716.1,90,0,0,50.73
133,200,0,192,0,927.4,839.2,7,0,0,13.66
305.3,203.5,0,203.5,0,965.4,631,3,0,0,14.14
236,157,0,192,0,972.6,749.1,90,0,0,47.78
108.3,162.4,0,203.5,0,938.2,849,3,0,0,2.33
157,236,0,192,0,935.4,781.2,7,0,0,16.89
288,192,0,192,0,932,717.8,7,0,0,23.52
212,141.3,0,203.5,0,973.4,750,3,0,0,6.81
212,141.3,0,203.5,0,973.4,750,90,0,0,39.7
153,102,0,192,0,888,943.1,28,0,0,17.96
236,157,0,192,0,972.6,749.1,28,0,0,32.88
116,173,0,192,0,909.8,891.9,28,0,0,22.35
183.9,122.6,0,203.5,0,959.2,800,7,0,0,10.79
108.3,162.4,0,203.5,0,938.2,849,7,0,0,7.72
203.5,305.3,0,203.5,0,963.4,630,28,0,0,41.68
203.5,305.3,0,203.5,0,963.4,630,3,0,0,9.56
133,200,0,192,0,927.4,839.2,3,0,0,6.88
288,192,0,192,0,932,717.8,90,0,0,50.53
200,133,0,192,0,965.4,806.2,7,0,0,17.17
200,133,0,192,0,965.4,806.2,28,0,0,30.44
250.2,166.8,0,203.5,0,977.6,694.1,3,0,0,9.73
122.6,183.9,0,203.5,0,958.2,800.1,3,0,0,3.32
153,102,0,192,0,888,943.1,90,0,0,26.32
200,133,0,192,0,965.4,806.2,90,0,0,43.25
116,173,0,192,0,909.8,891.9,3,0,0,6.28
173,116,0,192,0,946.8,856.8,90,0,0,32.1
250.2,166.8,0,203.5,0,977.6,694.1,28,0,0,36.96
305.3,203.5,0,203.5,0,965.4,631,90,0,0,54.6
192,288,0,192,0,929.8,716.1,7,0,0,21.48
157,236,0,192,0,935.4,781.2,3,0,0,9.69
153,102,0,192,0,888,943.1,7,0,0,8.37
141.3,212,0,203.5,0,971.8,748.5,90,0,0,39.66
116,173,0,192,0,909.8,891.9,7,0,0,10.09
141.3,212,0,203.5,0,971.8,748.5,3,0,0,4.83
122.6,183.9,0,203.5,0,958.2,800.1,7,0,0,10.35
166.8,250.2,0,203.5,0,975.6,692.6,90,0,0,43.57
203.5,305.3,0,203.5,0,963.4,630,90,0,0,51.86
310,0,0,192,0,1012,830,3,0,0,11.85
310,0,0,192,0,1012,830,7,0,0,17.24
310,0,0,192,0,1012,830,28,0,0,27.83
310,0,0,192,0,1012,830,90,0,0,35.76
310,0,0,192,0,1012,830,120,0,0,38.7
331,0,0,192,0,1025,821,3,0,0,14.31
331,0,0,192,0,1025,821,7,0,0,17.44
331,0,0,192,0,1025,821,28,0,0,31.74
331,0,0,192,0,1025,821,90,0,0,37.91
331,0,0,192,0,1025,821,120,0,0,39.38
349,0,0,192,0,1056,809,3,0,0,15.87
349,0,0,192,0,1056,809,7,0,0,9.01
349,0,0,192,0,1056,809,28,0,0,33.61
349,0,0,192,0,1056,809,90,0,0,40.66
349,0,0,192,0,1056,809,120,0,0,40.86
238,0,0,186,0,1119,789,7,0,0,12.05
238,0,0,186,0,1119,789,28,0,0,17.54
296,0,0,186,0,1090,769,7,0,0,18.91
296,0,0,186,0,1090,769,28,0,0,25.18
297,0,0,186,0,1040,734,7,0,0,30.96
480,0,0,192,0,936,721,28,0,0,43.89
480,0,0,192,0,936,721,90,0,0,54.28
397,0,0,186,0,1040,734,28,0,0,36.94
281,0,0,186,0,1104,774,7,0,0,14.5
281,0,0,185,0,1104,774,28,0,0,22.44
500,0,0,200,0,1125,613,1,0,0,12.64
500,0,0,200,0,1125,613,3,0,0,26.06
500,0,0,200,0,1125,613,7,0,0,33.21
500,0,0,200,0,1125,613,14,0,0,36.94
500,0,0,200,0,1125,613,28,0,0,44.09
540,0,0,173,0,1125,613,7,0,0,52.61
540,0,0,173,0,1125,613,14,0,0,59.76
540,0,0,173,0,1125,613,28,0,0,67.31
540,0,0,173,0,1125,613,90,0,0,69.66
540,0,0,173,0,1125,613,180,0,0,71.62
540,0,0,173,0,1125,613,270,0,0,74.17
350,0,0,203,0,974,775,7,0,0,18.13
350,0,0,203,0,974,775,14,0,0,22.53
350,0,0,203,0,974,775,28,0,0,27.34
350,0,0,203,0,974,775,56,0,0,29.98
350,0,0,203,0,974,775,90,0,0,31.35
350,0,0,203,0,974,775,180,0,0,32.72
385,0,0,186,0,966,763,1,0,0,6.27
385,0,0,186,0,966,763,3,0,0,14.7
385,0,0,186,0,966,763,7,0,0,23.22
385,0,0,186,0,966,763,14,0,0,27.92
385,0,0,186,0,966,763,28,0,0,31.35
331,0,0,192,0,978,825,180,0,0,39
331,0,0,192,0,978,825,360,0,0,41.24
349,0,0,192,0,1047,806,3,0,0,14.99
331,0,0,192,0,978,825,3,0,0,13.52
382,0,0,186,0,1047,739,7,0,0,24
382,0,0,186,0,1047,739,28,0,0,37.42
382,0,0,186,0,1111,784,7,0,0,11.47
281,0,0,186,0,1104,774,28,0,0,22.44
339,0,0,185,0,1069,754,7,0,0,21.16
339,0,0,185,0,1069,754,28,0,0,31.84
295,0,0,185,0,1069,769,7,0,0,14.8
295,0,0,185,0,1069,769,28,0,0,25.18
238,0,0,185,0,1118,789,28,0,0,17.54
296,0,0,192,0,1085,765,7,0,0,14.2
296,0,0,192,0,1085,765,28,0,0,21.65
296,0,0,192,0,1085,765,90,0,0,29.39
331,0,0,192,0,879,825,3,0,0,13.52
331,0,0,192,0,978,825,7,0,0,16.26
331,0,0,192,0,978,825,28,0,0,31.45
331,0,0,192,0,978,825,90,0,0,37.23
349,0,0,192,0,1047,806,7,0,0,18.13
349,0,0,192,0,1047,806,28,0,0,32.72
349,0,0,192,0,1047,806,90,0,0,39.49
349,0,0,192,0,1047,806,180,0,0,41.05
349,0,0,192,0,1047,806,360,0,0,42.13
302,0,0,203,0,974,817,14,0,0,18.13
302,0,0,203,0,974,817,180,0,0,26.74
525,0,0,189,0,1125,613,180,0,0,61.92
500,0,0,200,0,1125,613,90,0,0,47.22
500,0,0,200,0,1125,613,180,0,0,51.04
500,0,0,200,0,1125,613,270,0,0,55.16
540,0,0,173,0,1125,613,3,0,0,41.64
252,0,0,185,0,1111,784,7,0,0,13.71
252,0,0,185,0,1111,784,28,0,0,19.69
339,0,0,185,0,1060,754,28,0,0,31.65
393,0,0,192,0,940,758,3,0,0,19.11
393,0,0,192,0,940,758,28,0,0,39.58
393,0,0,192,0,940,758,90,0,0,48.79
382,0,0,185,0,1047,739,7,0,0,24
382,0,0,185,0,1047,739,28,0,0,37.42
252,0,0,186,0,1111,784,7,0,0,11.47
252,0,0,185,0,1111,784,28,0,0,19.69
310,0,0,192,0,970,850,7,0,0,14.99
310,0,0,192,0,970,850,28,0,0,27.92
310,0,0,192,0,970,850,90,0,0,34.68
310,0,0,192,0,970,850,180,0,0,37.33
310,0,0,192,0,970,850,360,0,0,38.11
525,0,0,189,0,1125,613,3,0,0,33.8
525,0,0,189,0,1125,613,7,0,0,42.42
525,0,0,189,0,1125,613,14,0,0,48.4
525,0,0,189,0,1125,613,28,0,0,55.94
525,0,0,189,0,1125,613,90,0,0,58.78
525,0,0,189,0,1125,613,270,0,0,67.11
322,0,0,203,0,974,800,14,0,0,20.77
322,0,0,203,0,974,800,28,0,0,25.18
322,0,0,203,0,974,800,180,0,0,29.59
302,0,0,203,0,974,817,28,0,0,21.75
397,0,0,185,0,1040,734,28,0,0,39.09
480,0,0,192,0,936,721,3,0,0,24.39
522,0,0,146,0,896,896,7,0,0,50.51
522,0,0,146,0,896,896,28,0,0,74.99
273,105,82,210,9,904,680,28,0,0,37.17
162,190,148,179,19,838,741,28,0,0,33.76
154,144,112,220,10,923,658,28,0,0,16.5
147,115,89,202,9,860,829,28,0,0,19.99
152,178,139,168,18,944,695,28,0,0,36.35
310,143,111,168,22,914,651,28,0,0,33.69
144,0,175,158,18,943,844,28,0,0,15.42
304,140,0,214,6,895,722,28,0,0,33.42
374,0,0,190,7,1013,730,28,0,0,39.05
159,149,116,175,15,953,720,28,0,0,27.68
153,239,0,200,6,1002,684,28,0,0,26.86
310,143,0,168,10,914,804,28,0,0,45.3
305,0,100,196,10,959,705,28,0,0,30.12
151,0,184,167,12,991,772,28,0,0,15.57
142,167,130,174,11,883,785,28,0,0,44.61
298,137,107,201,6,878,655,28,0,0,53.52
321,164,0,190,5,870,774,28,0,0,57.21
366,187,0,191,7,824,757,28,0,0,65.91
280,129,100,172,9,825,805,28,0,0,52.82
252,97,76,194,8,835,821,28,0,0,33.4
165,0,150,182,12,1023,729,28,0,0,18.03
156,243,0,180,11,1022,698,28,0,0,37.36
160,188,146,203,11,829,710,28,0,0,32.84
298,0,107,186,6,879,815,28,0,0,42.64
318,0,126,210,6,861,737,28,0,0,40.06
287,121,94,188,9,904,696,28,0,0,41.94
326,166,0,174,9,882,790,28,0,0,61.23
356,0,142,193,11,801,778,28,0,0,40.87
132,207,161,179,5,867,736,28,0,0,33.3
322,149,0,186,8,951,709,28,0,0,52.42
164,0,200,181,13,849,846,28,0,0,15.09
314,0,113,170,10,925,783,28,0,0,38.46
321,0,128,182,11,870,780,28,0,0,37.26
140,164,128,237,6,869,656,28,0,0,35.23
288,121,0,177,7,908,829,28,0,0,42.13
298,0,107,210,11,880,744,28,0,0,31.87
265,111,86,195,6,833,790,28,0,0,41.54
160,250,0,168,12,1049,688,28,0,0,39.45
166,260,0,183,13,859,827,28,0,0,37.91
276,116,90,180,9,870,768,28,0,0,44.28
322,0,116,196,10,818,813,28,0,0,31.18
149,139,109,193,6,892,780,28,0,0,23.69
159,187,0,176,11,990,789,28,0,0,32.76
261,100,78,201,9,864,761,28,0,0,32.4
237,92,71,247,6,853,695,28,0,0,28.63
313,0,113,178,8,1002,689,28,0,0,36.8
155,183,0,193,9,1047,697,28,0,0,18.28
146,230,0,202,3,827,872,28,0,0,33.06
296,0,107,221,11,819,778,28,0,0,31.42
133,210,0,196,3,949,795,28,0,0,31.03
313,145,0,178,8,867,824,28,0,0,44.39
152,0,112,184,8,992,816,28,0,0,12.18
153,145,113,178,8,1002,689,28,0,0,25.56
140,133,103,200,7,916,753,28,0,0,36.44
149,236,0,176,13,847,893,28,0,0,32.96
300,0,120,212,10,878,728,28,0,0,23.84
153,145,113,178,8,867,824,28,0,0,26.23
148,0,137,158,16,1002,830,28,0,0,17.95
326,0,138,199,11,801,792,28,0,0,40.68
153,145,0,178,8,1000,822,28,0,0,19.01
262,111,86,195,5,895,733,28,0,0,33.72
158,0,195,220,11,898,713,28,0,0,8.54
151,0,185,167,16,1074,678,28,0,0,13.46
273,0,90,199,11,931,762,28,0,0,32.24
149,118,92,183,7,953,780,28,0,0,23.52
143,169,143,191,8,967,643,28,0,0,29.72
260,101,78,171,10,936,763,28,0,0,49.77
313,161,0,178,10,917,759,28,0,0,52.44
284,120,0,168,7,970,794,28,0,0,40.93
336,0,0,182,3,986,817,28,0,0,44.86
145,0,134,181,11,979,812,28,0,0,13.2
150,237,0,174,12,1069,675,28,0,0,37.43
144,170,133,192,8,814,805,28,0,0,29.87
331,170,0,195,8,811,802,28,0,0,56.61
155,0,143,193,9,1047,697,28,0,0,12.46
155,183,0,193,9,877,868,28,0,0,23.79
135,0,166,180,10,961,805,28,0,0,13.29
266,112,87,178,10,910,745,28,0,0,39.42
314,145,113,179,8,869,690,28,0,0,46.23
313,145,0,127,8,1000,822,28,0,0,44.52
146,173,0,182,3,986,817,28,0,0,23.74
144,136,106,178,7,941,774,28,0,0,26.14
148,0,182,181,15,839,884,28,0,0,15.52
277,117,91,191,7,946,666,28,0,0,43.57
298,0,107,164,13,953,784,28,0,0,35.86
313,145,0,178,8,1002,689,28,0,0,41.05
155,184,143,194,9,880,699,28,0,0,28.99
289,134,0,195,6,924,760,28,0,0,46.24
148,175,0,171,2,1000,828,28,0,0,26.92
145,0,179,202,8,824,869,28,0,0,10.54
313,0,0,178,8,1000,822,28,0,0,25.1
136,162,126,172,10,923,764,28,0,0,29.07
155,0,143,193,9,877,868,28,0,0,9.74
255,99,77,189,6,919,749,28,0,0,33.8
162,207,172,216,10,822,638,28,0,0,39.84
136,196,98,199,6,847,783,28,0,0,26.97
164,163,128,197,8,961,641,28,0,0,27.23
162,214,164,202,10,820,680,28,0,0,30.65
157,214,152,200,9,819,704,28,0,0,33.05
149,153,194,192,8,935,623,28,0,0,24.58
135,105,193,196,6,965,643,28,0,0,21.91
159,209,161,201,7,848,669,28,0,0,30.88
144,15,195,176,6,1021,709,28,0,0,15.34
154,174,185,228,7,845,612,28,0,0,24.34
167,187,195,185,7,898,636,28,0,0,23.89
184,86,190,213,6,923,623,28,0,0,22.93
156,178,187,221,7,854,614,28,0,0,29.41
236.9,91.7,71.5,246.9,6,852.9,695.4,28,0,0,28.63
313.3,0,113,178.5,8,1001.9,688.7,28,0,0,36.8
154.8,183.4,0,193.3,9.1,1047.4,696.7,28,0,0,18.29
145.9,230.5,0,202.5,3.4,827,871.8,28,0,0,32.72
296,0,106.7,221.4,10.5,819.2,778.4,28,0,0,31.42
133.1,210.2,0,195.7,3.1,949.4,795.3,28,0,0,28.94
313.3,145,0,178.5,8,867.2,824,28,0,0,40.93
151.6,0,111.9,184.4,7.9,992,815.9,28,0,0,12.18
153.1,145,113,178.5,8,1001.9,688.7,28,0,0,25.56
139.9,132.6,103.3,200.3,7.4,916,753.4,28,0,0,36.44
149.5,236,0,175.8,12.6,846.8,892.7,28,0,0,32.96
299.8,0,119.8,211.5,9.9,878.2,727.6,28,0,0,23.84
153.1,145,113,178.5,8,867.2,824,28,0,0,26.23
148.1,0,136.6,158.1,16.1,1001.8,830.1,28,0,0,17.96
326.5,0,137.9,199,10.8,801.1,792.5,28,0,0,38.63
152.7,144.7,0,178.1,8,999.7,822.2,28,0,0,19.01
261.9,110.5,86.1,195.4,5,895.2,732.6,28,0,0,33.72
158.4,0,194.9,219.7,11,897.7,712.9,28,0,0,8.54
150.7,0,185.3,166.7,15.6,1074.5,678,28,0,0,13.46
272.6,0,89.6,198.7,10.6,931.3,762.2,28,0,0,32.25
149,117.6,91.7,182.9,7.1,953.4,780.3,28,0,0,23.52
143,169.4,142.7,190.7,8.4,967.4,643.5,28,0,0,29.73
259.9,100.6,78.4,170.6,10.4,935.7,762.9,28,0,0,49.77
312.9,160.5,0,177.6,9.6,916.6,759.5,28,0,0,52.45
284,119.7,0,168.3,7.2,970.4,794.2,28,0,0,40.93
336.5,0,0,181.9,3.4,985.8,816.8,28,0,0,44.87
144.8,0,133.6,180.8,11.1,979.5,811.5,28,0,0,13.2
150,236.8,0,173.8,11.9,1069.3,674.8,28,0,0,37.43
143.7,170.2,132.6,191.6,8.5,814.1,805.3,28,0,0,29.87
330.5,169.6,0,194.9,8.1,811,802.3,28,0,0,56.62
154.8,0,142.8,193.3,9.1,1047.4,696.7,28,0,0,12.46
154.8,183.4,0,193.3,9.1,877.2,867.7,28,0,0,23.79
134.7,0,165.7,180.2,10,961,804.9,28,0,0,13.29
266.2,112.3,87.5,177.9,10.4,909.7,744.5,28,0,0,39.42
314,145.3,113.2,178.9,8,869.1,690.2,28,0,0,46.23
312.7,144.7,0,127.3,8,999.7,822.2,28,0,0,44.52
145.7,172.6,0,181.9,3.4,985.8,816.8,28,0,0,23.74
143.8,136.3,106.2,178.1,7.5,941.5,774.3,28,0,0,26.15
148.1,0,182.1,181.4,15,838.9,884.3,28,0,0,15.53
277,116.8,91,190.6,7,946.5,665.6,28,0,0,43.58
298.1,0,107.5,163.6,12.8,953.2,784,28,0,0,35.87
313.3,145,0,178.5,8,1001.9,688.7,28,0,0,41.05
155.2,183.9,143.2,193.8,9.2,879.6,698.5,28,0,0,28.99
289,133.7,0,194.9,5.5,924.1,760.1,28,0,0,46.25
147.8,175.1,0,171.2,2.2,1000,828.5,28,0,0,26.92
145.4,0,178.9,201.7,7.8,824,868.7,28,0,0,10.54
312.7,0,0,178.1,8,999.7,822.2,28,0,0,25.1
136.4,161.6,125.8,171.6,10.4,922.6,764.4,28,0,0,29.07
154.8,0,142.8,193.3,9.1,877.2,867.7,28,0,0,9.74
255.3,98.8,77,188.6,6.5,919,749.3,28,0,0,33.8
272.8,105.1,81.8,209.7,9,904,679.7,28,0,0,37.17
162,190.1,148.1,178.8,18.8,838.1,741.4,28,0,0,33.76
153.6,144.2,112.3,220.1,10.1,923.2,657.9,28,0,0,16.5
146.5,114.6,89.3,201.9,8.8,860,829.5,28,0,0,19.99
151.8,178.1,138.7,167.5,18.3,944,694.6,28,0,0,36.35
309.9,142.8,111.2,167.8,22.1,913.9,651.2,28,0,0,38.22
143.6,0,174.9,158.4,17.9,942.7,844.5,28,0,0,15.42
303.6,139.9,0,213.5,6.2,895.5,722.5,28,0,0,33.42
374.3,0,0,190.2,6.7,1013.2,730.4,28,0,0,39.06
158.6,148.9,116,175.1,15,953.3,719.7,28,0,0,27.68
152.6,238.7,0,200,6.3,1001.8,683.9,28,0,0,26.86
310,142.8,0,167.9,10,914.3,804,28,0,0,45.3
304.8,0,99.6,196,9.8,959.4,705.2,28,0,0,30.12
150.9,0,183.9,166.6,11.6,991.2,772.2,28,0,0,15.57
141.9,166.6,129.7,173.5,10.9,882.6,785.3,28,0,0,44.61
297.8,137.2,106.9,201.3,6,878.4,655.3,28,0,0,53.52
321.3,164.2,0,190.5,4.6,870,774,28,0,0,57.22
366,187,0,191.3,6.6,824.3,756.9,28,0,0,65.91
279.8,128.9,100.4,172.4,9.5,825.1,804.9,28,0,0,52.83
252.1,97.1,75.6,193.8,8.3,835.5,821.4,28,0,0,33.4
164.6,0,150.4,181.6,11.7,1023.3,728.9,28,0,0,18.03
155.6,243.5,0,180.3,10.7,1022,697.7,28,0,0,37.36
160.2,188,146.4,203.2,11.3,828.7,709.7,28,0,0,35.31
298.1,0,107,186.4,6.1,879,815.2,28,0,0,42.64
317.9,0,126.5,209.7,5.7,860.5,736.6,28,0,0,40.06
287.3,120.5,93.9,187.6,9.2,904.4,695.9,28,0,0,43.8
325.6,166.4,0,174,8.9,881.6,790,28,0,0,61.24
355.9,0,141.6,193.3,11,801.4,778.4,28,0,0,40.87
132,206.5,160.9,178.9,5.5,866.9,735.6,28,0,0,33.31
322.5,148.6,0,185.8,8.5,951,709.5,28,0,0,52.43
164.2,0,200.1,181.2,12.6,849.3,846,28,0,0,15.09
313.8,0,112.6,169.9,10.1,925.3,782.9,28,0,0,38.46
321.4,0,127.9,182.5,11.5,870.1,779.7,28,0,0,37.27
139.7,163.9,127.7,236.7,5.8,868.6,655.6,28,0,0,35.23
288.4,121,0,177.4,7,907.9,829.5,28,0,0,42.14
298.2,0,107,209.7,11.1,879.6,744.2,28,0,0,31.88
264.5,111,86.5,195.5,5.9,832.6,790.4,28,0,0,41.54
159.8,250,0,168.4,12.2,1049.3,688.2,28,0,0,39.46
166,259.7,0,183.2,12.7,858.8,826.8,28,0,0,37.92
276.4,116,90.3,179.6,8.9,870.1,768.3,28,0,0,44.28
322.2,0,115.6,196,10.4,817.9,813.4,28,0,0,31.18
148.5,139.4,108.6,192.7,6.1,892.4,780,28,0,0,23.7
159.1,186.7,0,175.6,11.3,989.6,788.9,28,0,0,32.77
260.9,100.5,78.3,200.6,8.6,864.5,761.5,28,0,0,32.4
360,0,0,162,0,1200,780,28,0,0,29.19
360,0,0,162,0,1200,702,28,10,0,31.56
360,0,0,162,0,1200,624,28,20,0,34.59
360,0,0,162,0,1200,546,28,30,0,41.7
360,0,0,162,0,1200,468,28,40,0,38.74
360,0,0,162,0,1200,390,28,50,0,42.22
360,0,0,162,0,1200,312,28,60,0,34.81
360,0,0,162,0,1200,234,28,70,0,32.74
360,0,0,162,0,1200,156,28,80,0,31.7
360,0,0,162,0,1200,78,28,90,0,30.15
360,0,0,162,0,1200,0,28,100,0,30
383,0,0,183.84,0,1205,872,7,0,0,26.97
383,0,0,183.84,0,1205,698,7,20,0,36.33
383,0,0,183.84,0,1205,523,7,40,0,32.72
383,0,0,183.84,0,1205,349,7,60,0,28.35
383,0,0,183.84,0,1205,174,7,80,0,24.45
383,0,0,183.84,0,1205,0,7,100,0,22.3
400,0,0,140,0,1200,800,7,20,0,35.67
400,0,0,140,0,1200,800,7,60,0,37.67
400,0,0,180,0,1200,800,7,20,0,37
400,0,0,180,0,1200,800,7,60,0,24.5
400,0,0,140,0,1200,800,28,20,0,53.33
400,0,0,140,0,1200,800,28,60,0,52
400,0,0,180,0,1200,800,28,20,0,47
400,0,0,180,0,1200,800,28,60,0,37.67
400,0,0,140,0,1200,800,14,40,0,53.33
400,0,0,160,0,1200,800,28,40,0,54
400,0,0,160,0,1200,800,14,40,0,44.67
400,0,0,160,0,1200,800,7,40,0,42.67
400,0,0,152,0,1200,800,27.55,35.9,0,59.29
400,0,0,180,0,1200,600,7,20,0,27.5
400,0,0,180,0,1200,600,28,20,0,34.5
400,0,0,180,0,1200,600,56,20,0,50.5
390,0,0,163.8,0,1180,580,7,30,0,15.5
390,0,0,163.8,0,1180,580,28,30,0,26.5
390,0,0,163.8,0,1180,580,56,30,0,43
380,0,0,155.8,0,1170,570,7,30,0,14
380,0,0,155.8,0,1170,570,28,30,0,26
380,0,0,155.8,0,1170,570,56,30,0,35
370,0,0,148,0,1150,550,7,40,0,32.5
370,0,0,148,0,1150,550,28,40,0,34.5
370,0,0,148,0,1150,550,56,40,0,47
395,0,0,173.8,0,1190,590,7,20,0,17.2
395,0,0,173.8,0,1190,590,28,20,0,32.75
395,0,0,173.8,0,1190,590,56,20,0,41.75
405,0,0,186.3,0,1210,610,7,20,0,22.5
405,0,0,186.3,0,1210,610,28,20,0,26
405,0,0,186.3,0,1210,610,56,20,0,38
400,0,0,180,0,1000,600,28,0,0,34.6
400,0,0,180,0,1000,600,28,20,0,33.2
400,0,0,180,0,1000,600,28,40,0,34
400,0,0,180,0,1000,600,28,60,0,32.8
400,0,0,180,0,1000,600,28,80,0,30.7
400,0,0,180,0,1000,600,28,100,0,26.1
480,0,0,216,0,1200,900,7,0,0,26.8
480,0,0,216,0,1200,900,7,75,0,40.8
480,0,0,216,0,1200,900,14,75,0,41.5
480,0,0,216,0,1200,900,28,75,0,45.6
380,0,0,171,0,1200,700,7,0,0,20.5
380,0,0,171,0,1200,630,14,10,0,25.3
380,0,0,171,0,1200,560,28,20,0,30.2
380,0,0,171,0,1200,490,56,30,0,35.1
380,0,0,171,0,1200,420,90,40,0,40
380,0,0,209,0,1200,350,7,50,0,18.3
380,0,0,209,0,1200,280,14,60,0,22.7
380,0,0,209,0,1200,210,28,70,0,27.8
380,0,0,209,0,1200,140,56,80,0,32.9
380,0,0,209,0,1200,70,90,90,0,38
410,0,0,143.5,0,1190,710,7,0,0,76.9
400,0,0,140,0,1190,710,7,0,0,76.9
400,0,0,140,0,1190,710,7,10,0,79.6
400,0,0,140,0,1190,710,7,20,0,74.5
400,0,0,140,0,1190,710,7,40,0,76.4
400,0,0,140,0,1190,710,7,50,0,77.8
400,0,0,140,0,1190,710,7,60,0,69
400,0,0,140,0,1190,710,7,80,0,63.8
400,0,0,140,0,1190,710,7,100,0,63.4
400,0,0,140,0,1190,710,28,0,0,93.9
400,0,0,140,0,1190,710,28,10,0,99.8
400,0,0,140,0,1190,710,21,20,0,95.3
400,0,0,140,0,1190,710,28,40,0,95.2
400,0,0,140,0,1190,710,28,50,0,96.8
400,0,0,140,0,1190,710,28,60,0,83
400,0,0,140,0,1190,710,21,80,0,83.6
400,0,0,140,0,1190,710,28,100,0,82
548,0,0,147.96,0,1045,695,28,0,0,93.9
548,0,0,147.96,0,1045,556,28,20,0,100.2
548,0,0,147.96,0,1045,417,28,40,0,100.11
548,0,0,147.96,0,1045,278,28,60,0,87.18
548,0,0,147.96,0,1045,139,28,80,0,88.3
548,0,0,147.96,0,1045,0,28,100,0,87.18
450,0,0,157.5,4.5,780,820,7,0,0,27.5
382.5,0,0,133.875,4.5,780,820,14,0,0,32.1
315,0,0,110.25,4.5,780,820,28,0,0,35.7
247.5,0,0,86.625,4.5,780,820,56,0,0,38.2
180,0,0,63,4.5,780,820,90,0,0,40.8
450,0,0,157.5,4.5,780,615,7,25,0,30.1
382.5,0,0,133.875,4.5,780,615,14,25,0,38.3
315,0,0,110.25,4.5,780,615,28,25,0,42.4
247.5,0,0,86.625,4.5,780,615,56,25,0,45.9
180,0,0,63,4.5,780,615,90,25,0,50.5
450,0,0,157.5,4.5,780,410,7,50,0,30.8
382.5,0,0,133.875,4.5,780,410,14,50,0,40.5
315,0,0,110.25,4.5,780,410,28,50,0,43.8
247.5,0,0,86.625,4.5,780,410,56,50,0,47.6
180,0,0,63,4.5,780,410,90,50,0,52.8
450,0,0,157.5,4.5,780,205,7,75,0,29.6
382.5,0,0,133.875,4.5,780,205,14,75,0,38.2
315,0,0,110.25,4.5,780,205,28,75,0,40.4
247.5,0,0,86.625,4.5,780,205,56,75,0,44.9
180,0,0,63,4.5,780,205,90,75,0,49
450,0,0,157.5,4.5,780,0,7,100,0,28.5
382.5,0,0,133.875,4.5,780,0,14,100,0,37.1
315,0,0,110.25,4.5,780,0,28,100,0,39.7
247.5,0,0,86.625,4.5,780,0,56,100,0,43.2
180,0,0,63,4.5,780,0,90,100,0,48.8
450,0,0,157.5,4.5,780,820,7,0,0,27.1
382.5,0,0,133.875,4.5,780,820,14,0,0,37.1
315,0,0,110.25,4.5,780,820,28,0,0,38.5
247.5,0,0,86.625,4.5,780,820,56,0,0,40.9
180,0,0,63,4.5,780,820,90,0,0,45.2
450,0,0,157.5,4.5,780,615,7,25,0,26.8
382.5,0,0,133.875,4.5,780,615,14,25,0,35.1
315,0,0,110.25,4.5,780,615,28,25,0,38.2
247.5,0,0,86.625,4.5,780,615,56,25,0,41.3
180,0,0,63,4.5,780,615,90,25,0,44.8
450,0,0,157.5,4.5,780,410,7,50,0,28.5
382.5,0,0,133.875,4.5,780,410,14,50,0,36.8
315,0,0,110.25,4.5,780,410,28,50,0,37.4
247.5,0,0,86.625,4.5,780,410,56,50,0,39.7
180,0,0,63,4.5,780,410,90,50,0,46.6
450,0,0,157.5,4.5,780,205,7,75,0,25.3
382.5,0,0,133.875,4.5,780,205,14,75,0,34.6
315,0,0,110.25,4.5,780,205,28,75,0,36.2
247.5,0,0,86.625,4.5,780,205,56,75,0,37.7
180,0,0,63,4.5,780,205,90,75,0,44.1
450,0,0,157.5,4.5,780,0,7,100,0,21.9
382.5,0,0,133.875,4.5,780,0,14,100,0,33.4
315,0,0,110.25,4.5,780,0,28,100,0,35.1
247.5,0,0,86.625,4.5,780,0,56,100,0,36.6
180,0,0,63,4.5,780,0,90,100,0,43.2
450,0,0,157.5,4.5,780,820,7,0,0,30.8
382.5,0,0,133.875,4.5,780,820,14,0,0,38.2
315,0,0,110.25,4.5,780,820,28,0,0,39.9
247.5,0,0,86.625,4.5,780,820,56,0,0,42.3
180,0,0,63,4.5,780,820,90,0,0,47.9
450,0,0,157.5,4.5,780,615,7,25,0,28.5
382.5,0,0,133.875,4.5,780,615,14,25,0,36.9
315,0,0,110.25,4.5,780,615,28,25,0,39.5
247.5,0,0,86.625,4.5,780,615,56,25,0,40.3
180,0,0,63,4.5,780,615,90,25,0,46.6
450,0,0,157.5,4.5,780,410,7,50,0,32.3
382.5,0,0,133.875,4.5,780,410,14,50,0,40.6
315,0,0,110.25,4.5,780,410,28,50,0,43.2
247.5,0,0,86.625,4.5,780,410,56,50,0,45.7
180,0,0,63,4.5,780,410,90,50,0,51.7
450,0,0,157.5,4.5,780,205,7,75,0,27
382.5,0,0,133.875,4.5,780,205,14,75,0,35.4
315,0,0,110.25,4.5,780,205,28,75,0,38
247.5,0,0,86.625,4.5,780,205,56,75,0,39.5
180,0,0,63,4.5,780,205,90,75,0,45.1
450,0,0,157.5,4.5,780,0,7,100,0,25.9
382.5,0,0,133.875,4.5,780,0,14,100,0,35
315,0,0,110.25,4.5,780,0,28,100,0,37.8
247.5,0,0,86.625,4.5,780,0,56,100,0,38.3
180,0,0,63,4.5,780,0,90,100,0,45
450,0,0,157.5,4.5,780,820,7,0,0,23.5
382.5,0,0,133.875,4.5,780,820,14,0,0,31.8
315,0,0,110.25,4.5,780,820,28,0,0,34.1
247.5,0,0,86.625,4.5,780,820,56,0,0,35.5
180,0,0,63,4.5,780,820,90,0,0,40.6
450,0,0,157.5,4.5,780,615,7,25,0,20.2
382.5,0,0,133.875,4.5,780,615,14,25,0,28.5
315,0,0,110.25,4.5,780,615,28,25,0,30.1
247.5,0,0,86.625,4.5,780,615,56,25,0,31.7
180,0,0,63,4.5,780,615,90,25,0,33.9
450,0,0,157.5,4.5,780,410,7,50,0,27.4
382.5,0,0,133.875,4.5,780,410,14,50,0,30.3
315,0,0,110.25,4.5,780,410,28,50,0,32.9
247.5,0,0,86.625,4.5,780,410,56,50,0,33.4
180,0,0,63,4.5,780,410,90,50,0,40
450,0,0,157.5,4.5,780,205,7,75,0,18.7
382.5,0,0,133.875,4.5,780,205,14,75,0,29.7
315,0,0,110.25,4.5,780,205,28,75,0,30.2
247.5,0,0,86.625,4.5,780,205,56,75,0,32.4
180,0,0,63,4.5,780,205,90,75,0,37.8
450,0,0,157.5,4.5,780,0,7,100,0,19.5
382.5,0,0,133.875,4.5,780,0,14,100,0,27.9
315,0,0,110.25,4.5,780,0,28,100,0,28
247.5,0,0,86.625,4.5,780,0,56,100,0,31
180,0,0,63,4.5,780,0,90,100,0,36.6
450,0,0,157.5,4.5,780,820,7,0,0,20.4
382.5,0,0,133.875,4.5,780,820,14,0,0,28.8
315,0,0,110.25,4.5,780,820,28,0,0,30
247.5,0,0,86.625,4.5,780,820,56,0,0,32.9
180,0,0,63,4.5,780,820,90,0,0,38.4
450,0,0,157.5,4.5,780,615,7,25,0,24.1
382.5,0,0,133.875,4.5,780,615,14,25,0,31.5
315,0,0,110.25,4.5,780,615,28,25,0,33.1
247.5,0,0,86.625,4.5,780,615,56,25,0,34.6
180,0,0,63,4.5,780,615,90,25,0,41.2
450,0,0,157.5,4.5,780,410,7,50,0,24.9
382.5,0,0,133.875,4.5,780,410,14,50,0,28.4
315,0,0,110.25,4.5,780,410,28,50,0,35.8
247.5,0,0,86.625,4.5,780,410,56,50,0,36.3
180,0,0,63,4.5,780,410,90,50,0,42.9
450,0,0,157.5,4.5,780,205,7,75,0,23.7
382.5,0,0,133.875,4.5,780,205,14,75,0,31
315,0,0,110.25,4.5,780,205,28,75,0,33.6
247.5,0,0,86.625,4.5,780,205,56,75,0,38.1
180,0,0,63,4.5,780,205,90,75,0,40.7
450,0,0,157.5,4.5,780,0,7,100,0,22.5
382.5,0,0,133.875,4.5,780,0,14,100,0,30.8
315,0,0,110.25,4.5,780,0,28,100,0,32.4
247.5,0,0,86.625,4.5,780,0,56,100,0,37.9
180,0,0,63,4.5,780,0,90,100,0,39.6
380,0,0,171,0,1200,600,28,30,0,22.84
380,0,0,171,0,1200,600,28,40,0,33.85
380,0,0,171,0,1200,600,28,50,0,31
400,0,0,180,0,1200,800,7,0,0,25.6
400,0,0,180,0,1200,800,7,20,0,28.4
400,0,0,180,0,1200,800,7,40,0,30.2
400,0,0,180,0,1200,800,7,60,0,32.8
400,0,0,180,0,1200,800,7,80,0,29.1
400,0,0,180,0,1200,800,28,0,0,38.6
400,0,0,180,0,1200,800,28,20,0,40.5
400,0,0,180,0,1200,800,28,40,0,42.1
400,0,0,180,0,1200,800,28,60,0,44.3
400,0,0,180,0,1200,800,28,80,0,41.2
340,0,0,153,0,1278,567,28,0,0,35.11
340,0,0,153,0,1278,453.6,28,20,0,43.4
340,0,0,153,0,1278,340.2,28,40,0,46.67
340,0,0,153,0,1278,226.8,28,60,0,39.7
330,0,0,148.5,0,700,1020,28,0,0,30
330,0,0,148.5,0,700,816,28,20,0,38
330,0,0,148.5,0,700,612,28,40,0,37
330,0,0,148.5,0,700,408,28,60,0,35
330,0,0,148.5,0,700,204,28,80,0,34
330,0,0,148.5,0,700,0,28,100,0,33
413,0,0,189.98,0,960,837,28,0,0,35
413,0,0,189.98,0,960,628,28,25,0,41
413,0,0,189.98,0,960,419,28,50,0,43
413,0,0,189.98,0,960,209,28,75,0,40
413,0,0,189.98,0,960,0,28,100,0,41
346,0,0,190.3,0,960,885,28,0,0,22
346,0,0,190.3,0,960,664,28,25,0,27
346,0,0,190.3,0,960,443,28,50,0,29
346,0,0,190.3,0,960,221,28,75,0,31
346,0,0,190.3,0,960,0,28,100,0,30
435,0,0,208.8,0,1216,575,7,0,0,26.97
435,0,0,208.8,0,1216,517.5,7,10,0,30.73
435,0,0,208.8,0,1216,460,7,20,0,36.33
435,0,0,208.8,0,1216,402.5,7,30,0,33.27
435,0,0,208.8,0,1216,345,7,40,0,28.43
435,0,0,208.8,0,1216,287.5,7,50,0,28.87
435,0,0,208.8,0,1216,230,7,60,0,29.53
435,0,0,208.8,0,1216,115,7,80,0,28.01
435,0,0,208.8,0,1216,0,7,100,0,22.3
435,0,0,208.8,0,1216,575,28,0,0,38.27
435,0,0,208.8,0,1216,517.5,28,10,0,40.97
435,0,0,208.8,0,1216,460,28,20,0,48.13
435,0,0,208.8,0,1216,402.5,28,30,0,40.83
435,0,0,208.8,0,1216,345,28,40,0,38.8
435,0,0,208.8,0,1216,287.5,28,50,0,39.43
435,0,0,208.8,0,1216,230,28,60,0,43.33
435,0,0,208.8,0,1216,115,28,80,0,35.17
435,0,0,208.8,0,1216,0,28,100,0,32.07
384,0,0,192,0,1076,794,7,0,0,16.55
384,0,0,192,0,1076,635.2,7,20,0,20
384,0,0,192,0,1076,476.4,7,40,0,21.8
384,0,0,192,0,1076,317.6,7,60,0,18.9
384,0,0,192,0,1076,158.8,7,80,0,16.3
384,0,0,192,0,1076,0,7,100,0,15.32
384,0,0,192,0,1076,794,14,0,0,19.31
384,0,0,192,0,1076,635.2,14,20,0,24.54
384,0,0,192,0,1076,476.4,14,40,0,28.6
384,0,0,192,0,1076,317.6,14,60,0,21.4
384,0,0,192,0,1076,158.8,14,80,0,19.61
384,0,0,192,0,1076,0,14,100,0,18.43
384,0,0,192,0,1076,794,28,0,0,24.51
384,0,0,192,0,1076,635.2,28,20,0,30.82
384,0,0,192,0,1076,476.4,28,40,0,33.7
384,0,0,192,0,1076,317.6,28,60,0,29.5
384,0,0,192,0,1076,158.8,28,80,0,24.63
384,0,0,192,0,1076,0,28,100,0,22.3
397,0,0,218.35,0,1190,595,7,0,0,22.5
397,0,0,218.35,0,1190,476,7,20,0,26.2
397,0,0,218.35,0,1190,357,7,40,0,28.5
397,0,0,218.35,0,1190,238,7,60,0,24.8
397,0,0,218.35,0,1190,119,7,80,0,22.1
397,0,0,218.35,0,1190,0,7,100,0,20.3
403.5,0,0,181.575,0,1210,605,7,0,0,26.1
403.5,0,0,181.575,0,1210,484,7,20,0,30.4
403.5,0,0,181.575,0,1210,363,7,40,0,32.8
403.5,0,0,181.575,0,1210,242,7,60,0,30.5
403.5,0,0,181.575,0,1210,121,7,80,0,28.6
403.5,0,0,181.575,0,1210,0,7,100,0,26.7
397,0,0,218.35,0,1190,595,28,0,0,36.2
397,0,0,218.35,0,1190,476,28,20,0,41.5
397,0,0,218.35,0,1190,357,28,40,0,43
397,0,0,218.35,0,1190,238,28,60,0,39.8
397,0,0,218.35,0,1190,119,28,80,0,36.5
397,0,0,218.35,0,1190,0,28,100,0,34.7
403.5,0,0,181.575,0,1210,605,28,0,0,41.5
403.5,0,0,181.575,0,1210,484,28,20,0,46
403.5,0,0,181.575,0,1210,363,28,40,0,48.5
403.5,0,0,181.575,0,1210,242,28,60,0,45.5
403.5,0,0,181.575,0,1210,121,28,80,0,42.3
403.5,0,0,181.575,0,1210,0,28,100,0,39.8
415,0,0,195.05,0,1193,587,7,0,0,24.1
373.5,0,0,175.545,0,1193,587,7,10,0,22.8
352.75,0,0,165.7925,0,1193,587,7,15,0,21.9
415,0,0,195.05,0,1193,587,28,0,0,33.5
373.5,0,0,175.545,0,1193,587,28,10,0,29.2
352.75,0,0,165.7925,0,1193,587,28,15,0,27.5
383,0,0,191.5,0,1200,600,7,0,0,17.03
383,0,0,191.5,0,1200,540,7,10,0,18.74
383,0,0,191.5,0,1200,480,7,20,0,20.22
383,0,0,191.5,0,1200,420,7,30,0,23.11
383,0,0,191.5,0,1200,360,7,40,0,24.66
383,0,0,191.5,0,1200,300,7,50,0,20.96
383,0,0,191.5,0,1200,240,7,60,0,16.48
383,0,0,191.5,0,1200,600,14,0,0,21.66
383,0,0,191.5,0,1200,540,14,10,0,23.7
383,0,0,191.5,0,1200,480,14,20,0,25.22
383,0,0,191.5,0,1200,420,14,30,0,27.33
383,0,0,191.5,0,1200,360,14,40,0,28.59
383,0,0,191.5,0,1200,300,14,50,0,25.9
383,0,0,191.5,0,1200,240,14,60,0,20.45
383,0,0,191.5,0,1200,600,28,0,0,29.25
383,0,0,191.5,0,1200,540,28,10,0,29.85
383,0,0,191.5,0,1200,480,28,20,0,32.07
383,0,0,191.5,0,1200,420,28,30,0,37.55
383,0,0,191.5,0,1200,360,28,40,0,39.48
383,0,0,191.5,0,1200,300,28,50,0,33.03
383,0,0,191.5,0,1200,240,28,60,0,28.66
381,0,0,152.4,1.2,1283,711,28,0,0,34.8
381,0,0,152.4,1.2,1283,639.9,28,10,0,37.2
381,0,0,152.4,1.2,1283,568.8,28,20,0,40.6
381,0,0,152.4,1.2,1283,497.7,28,30,0,44.3
381,0,0,152.4,1.15,1283,426.6,28,40,0,48.2
381,0,0,152.4,1.15,1283,355.5,28,50,0,52.5
381,0,0,152.4,1.15,1283,284.4,28,60,0,46.7
381,0,0,152.4,1.1,1283,213.3,28,70,0,41.3
381,0,0,152.4,1.1,1283,142.2,28,80,0,38.2
381,0,0,152.4,1.1,1283,71.1,28,90,0,36
381,0,0,152.4,1.1,1283,0,28,100,0,35.2
400,0,0,180,0,1200,800,28,0,0,32.5
400,0,0,180,0,1200,640,28,20,0,38
400,0,0,180,0,1200,480,28,40,0,41.5
400,0,0,180,0,1200,320,28,60,0,39.2
400,0,0,180,0,1200,160,28,80,0,36.7
400,0,0,180,0,1200,0,28,100,0,34.8
326,0,138,199,11,801,792,28,0,0,40.68
304.8,0,99.6,196,9.8,959.4,705.2,28,0,0,30.12
298.1,0,107,186.4,6.1,879,815.2,28,0,0,42.64
317.9,0,126.5,209.7,5.7,860.5,736.6,28,0,0,40.06
355.9,0,141.6,193.3,11,801.4,778.4,28,0,0,40.87
313.8,0,112.6,169.9,10.1,925.3,782.9,28,0,0,38.46
321.4,0,127.9,182.5,11.5,870.1,779.7,28,0,0,37.27
298.2,0,107,209.7,11.1,879.6,744.2,28,0,0,31.88
322.2,0,115.6,196,10.4,817.9,813.4,28,0,0,31.18
185.7,0,101.5,166.9,7.5,1006.4,905.4,90,0,0,38.28
170.7,0,127.4,161.8,7.8,1090,798.5,3,0,0,17.11
180.7,0,127.4,166.1,7.8,1090,798.6,14,0,0,23.34
160.7,0,127.4,162.1,7.8,1090,804,28,0,0,27.41
242.1,0,125.6,184.3,5.7,1057.6,779.3,14,0,0,21.91
212.1,0,125.6,184.2,5.7,1057.6,779.3,28,0,0,21.81
212.1,0,124.6,184.2,5.7,1057.6,779.3,56,0,0,33.21
240,0,118.3,191.9,4.6,1029.4,758.6,90,0,0,32.31
195.3,0,124.2,160.8,9.9,1068.1,802.6,3,0,0,9.49
190.7,0,124.2,161.9,9.9,1088.1,802.6,14,0,0,23.1
168.1,0,168.3,172.4,4.5,1058.6,780.1,3,0,0,11.78
136.1,0,163.3,176.5,4.5,1058.6,780.1,14,0,0,27.49
165.2,0,161.3,172.4,4.5,1058.6,780.1,28,0,0,25.2
230.6,0,118.2,195.2,6.1,1028.1,757.6,3,0,0,15.47
228.7,0,119.2,191.3,6.1,1028.1,757.6,14,0,0,21.31
229.7,0,118.2,195.2,6.1,1028.1,757.6,90,0,0,42.37
248.1,0,94.1,186.7,7,949.9,847,3,0,0,21.43
238.1,0,92.1,188.7,7,949.9,847,14,0,0,26.6
248.1,0,92.1,186.7,7,949.9,847,90,0,0,47.83
250.5,0,95.7,187.4,5.5,956.9,861.2,3,0,0,12.78
251,0,95.7,186.5,5.5,956.9,861.2,14,0,0,27.4
212.5,0,124.9,159,7.8,1085.4,799.5,28,0,0,18.42
212.6,0,124.7,181.9,5.8,1028.4,757.7,14,0,0,30.92
251.8,0,124.2,188.5,6.4,1028.4,810.7,56,0,0,34.9
251.9,0,122.8,181.6,6.4,1028.4,757.7,90,0,0,45.2
181.8,0,122.8,169.6,7.6,1055.6,810.7,3,0,0,14.61
181.8,0,122.8,170.6,7.6,1055.6,810.7,14,0,0,22.93
181.8,0,122.8,169.6,7.6,1055.6,777.8,28,0,0,28.79
182.5,0,124.4,170.6,7.6,1055.6,777.8,56,0,0,37.77
181.4,0,121.8,169.6,7.6,1055.6,777.8,90,0,0,46.77
250.1,0,124.8,168.3,9.4,961.2,865,90,0,0,45.99
230.1,0,124.8,160.6,11.8,973.9,875.6,3,0,0,22.11
220.8,0,124.8,146.1,12.4,1006,899.8,28,0,0,31.74
210.8,0,124.8,143.3,12,1086.8,800.9,56,0,0,62.55
220.8,0,124.7,141.1,12,1086.8,800.9,90,0,0,62.32
213.7,0,124.8,154.8,10.2,1053.5,776.4,28,0,0,43.15
213.7,0,124.8,155,10.2,1053.5,776.4,56,0,0,47.14
213.7,0,124.8,154.8,10.2,1053.5,776.4,90,0,0,54.09
213.5,0,124.8,155.6,11.7,1052.3,775.5,3,0,0,19.64
213.5,0,124.8,154.6,11.7,1052.3,800,14,0,0,36.98
213.5,0,124.8,154.6,11.7,1052.3,800.5,56,0,0,49.43
213.5,0,124.8,155.5,11.7,1052.3,800,90,0,0,58.4
218.9,0,124.8,158.5,11.3,1078.7,794.9,56,0,0,40.21
218.9,0,124.8,160.1,11.3,1078.7,794.9,90,0,0,45.25
376,0,124.8,216.7,0,1003.5,762.4,3,0,0,18.98
190.3,0,124.8,165.6,9.9,1079,798.9,14,0,0,20.22
165,0,124.8,163.8,0,1005.6,900.9,28,0,0,26.11
190.3,0,124.8,165.3,9.9,1079,798.9,28,0,0,26.67
250,0,124.8,192.8,5.3,948.9,857.2,28,0,0,28.21
213.5,0,124.8,159.2,11.7,1043.6,771.9,28,0,0,44.61
194.7,0,124.8,171.5,7.5,998,901.8,28,0,0,39.27
251.4,0,124.8,192.9,5.8,1043.6,754.3,28,0,0,36.99
310,0,124.8,189.9,0,936.2,712.2,28,0,0,40.94
280,0,124.8,189.9,0,936.2,700,7,0,0,36.57
290.2,0,124.8,192.2,0,1069.2,754.3,7,0,0,23.11
252.5,0,124.8,186.7,0,1111.6,784.3,7,0,0,18.24
339,0,124.8,197,0,968,800,3,0,0,13.14
257,0,124.8,192.8,0,968,856.5,90,0,0,27.54
254,0,124.8,192.9,0,968,799.7,28,0,0,28.66
307,0,124.8,193.5,0,968,799.5,28,0,0,29.33
307,0,124.8,191.2,0,968,799.5,28,0,0,35.92
290,0,124.8,192.2,0,936,755,28,0,0,46.29
297,0,124.8,191.3,0,936,799.5,28,0,0,51.18
299,0,124.8,187.3,0,966,763,3,0,0,17.11
288,0,124.8,188.6,0,966,758,14,0,0,29.22
289,0,124.8,188.6,0,966,759,28,0,0,33.55
331,0,124.8,192.2,0,978,801,90,0,0,40.1
349,0,124.8,192.2,0,1003.6,803,3,0,0,16.59
295,0,124.8,185.3,0,1069,769.4,28,0,0,27.19
238,0,124.8,185.2,0,1118,789,28,0,0,16.84
296,0,124.7,191.3,0,1085,765.5,7,0,0,16.83
322.5,0,124.8,203.4,0,974,840,14,0,0,24.11
322,0,124.4,201.5,0,974,800.2,28,0,0,26.15
322,0,124.7,202.7,0,974,820,90,0,0,30.57
302,0,124.8,202.7,0,974,817,28,0,0,26.17
312.5,0,124.6,182.4,0,1040,734,28,0,0,40.08
317,0,124.8,182.4,0,936,721,28,0,0,26.29
210,0,124.8,142.5,0,896,896,7,0,0,49.41
220.9,0,124.8,142.5,0,896,896,28,0,0,49.41
144,0,124.8,158.2,18,943,844,28,0,0,17.92
148,0,124.8,158.4,16,1002,830,28,0,0,18.45
326,0,124.6,199.1,11,801,792,28,0,0,9.78
290,0,124.8,185.1,11,898,713,28,0,0,9.39
299.8,0,124.8,211.5,9.9,878.2,727.6,28,0,0,25.81
148.1,0,124.8,159.2,16.1,1001.8,830.1,28,0,0,35.61
326.5,0,124.8,193.3,10.8,801.1,792.5,28,0,0,35.61
276.4,0,124.8,217.4,11,897.7,712.9,28,0,0,9.55
150.7,0,124.8,164.6,15.6,1074.5,687,28,0,0,15.44
190.8,0,124.8,185.1,11.7,991.2,784,28,0,0,18.06
190.9,0,124.8,168.2,11.6,991.2,732,28,0,0,20.01
188.7,0,124.8,182.4,11.1,1023.3,732,28,0,0,20.01
298.1,0,124.6,189.4,6.1,879,815,28,0,0,41.64
318.9,0,124.8,212.7,5.7,860.5,725,28,0,0,36.09
355.9,0,124.5,196.3,11.6,801.4,769,28,0,0,36.27
199.8,0,124.8,185.4,12.6,849.3,856.5,28,0,0,18.01
278.7,0,124.8,170.3,10.1,925.3,782,28,0,0,41.16
290.4,0,96.2,168.1,9.4,961.2,865,3,0,0,22.5
290.4,0,96.2,168.1,9.4,961.2,865,14,0,0,34.67
290.4,0,96.2,168.1,9.4,961.2,865,28,0,0,34.74
290.4,0,96.2,168.1,9.4,961.2,865,56,0,0,45.08
290.4,0,96.2,168.1,9.4,961.2,865,100,0,0,48.97
277.1,0,97.4,160.6,11.8,973.9,875.6,3,0,0,23.14
277.1,0,97.4,160.6,11.8,973.9,875.6,14,0,0,41.89
277.1,0,97.4,160.6,11.8,973.9,875.6,28,0,0,48.28
277.1,0,97.4,160.6,11.8,973.9,875.6,56,0,0,51.04
277.1,0,97.4,160.6,11.8,973.9,875.6,100,0,0,55.64
295.7,0,95.6,171.5,8.9,955.1,859.2,3,0,0,22.95
295.7,0,95.6,171.5,8.9,955.1,859.2,14,0,0,35.23
295.7,0,95.6,171.5,8.9,955.1,859.2,28,0,0,39.94
295.7,0,95.6,171.5,8.9,955.1,859.2,56,0,0,48.72
295.7,0,95.6,171.5,8.9,955.1,859.2,100,0,0,52.04
251.8,0,99.9,146.1,12.4,1006,899.8,3,0,0,21.02
251.8,0,99.9,146.1,12.4,1006,899.8,14,0,0,33.36
251.8,0,99.9,146.1,12.4,1006,899.8,28,0,0,33.94
251.8,0,99.9,146.1,12.4,1006,899.8,56,0,0,44.14
251.8,0,99.9,146.1,12.4,1006,899.8,100,0,0,45.37
249.1,0,98.8,158.1,12.8,987.8,889,3,0,0,15.36
249.1,0,98.8,158.1,12.8,987.8,889,14,0,0,28.68
249.1,0,98.8,158.1,12.8,987.8,889,28,0,0,30.85
249.1,0,98.8,158.1,12.8,987.8,889,56,0,0,42.03
249.1,0,98.8,158.1,12.8,987.8,889,100,0,0,51.06
252.3,0,98.8,146.3,14.2,987.8,889,3,0,0,21.78
252.3,0,98.8,146.3,14.2,987.8,889,14,0,0,42.29
252.3,0,98.8,146.3,14.2,987.8,889,28,0,0,50.6
252.3,0,98.8,146.3,14.2,987.8,889,56,0,0,55.83
252.3,0,98.8,146.3,14.2,987.8,889,100,0,0,60.95
246.8,0,125.1,143.3,12,1086.8,800.9,3,0,0,23.52
246.8,0,125.1,143.3,12,1086.8,800.9,14,0,0,42.22
246.8,0,125.1,143.3,12,1086.8,800.9,28,0,0,52.5
246.8,0,125.1,143.3,12,1086.8,800.9,56,0,0,60.32
246.8,0,125.1,143.3,12,1086.8,800.9,100,0,0,66.42
275.1,0,121.4,159.5,9.9,1053.6,777.5,3,0,0,23.8
275.1,0,121.4,159.5,9.9,1053.6,777.5,14,0,0,38.77
275.1,0,121.4,159.5,9.9,1053.6,777.5,28,0,0,51.33
275.1,0,121.4,159.5,9.9,1053.6,777.5,56,0,0,56.85
275.1,0,121.4,159.5,9.9,1053.6,777.5,100,0,0,58.61
297.2,0,117.5,174.8,9.5,1022.8,753.5,3,0,0,21.91
297.2,0,117.5,174.8,9.5,1022.8,753.5,14,0,0,36.99
297.2,0,117.5,174.8,9.5,1022.8,753.5,28,0,0,47.4
297.2,0,117.5,174.8,9.5,1022.8,753.5,56,0,0,51.96
297.2,0,117.5,174.8,9.5,1022.8,753.5,100,0,0,56.74
475,0,59,142,1.9,1098,641,28,0,0,57.23
475,0,59,142,1.9,1098,641,28,0,0,57.23
385,0,136,158,20,903,768,28,0,0,55.55
305,0,100,196,10,959,705,28,0,0,30.12
298,0,107,186,6,879,815,28,0,0,42.64
318,0,126,210,6,861,737,28,0,0,40.06
356,0,142,193,11,801,778,28,0,0,40.87
314,0,113,170,10,925,783,28,0,0,38.46
321,0,128,182,11,870,780,28,0,0,37.26
298,0,107,210,11,880,744,28,0,0,31.87
322,0,116,196,10,818,813,28,0,0,31.18
313,0,113,178,8,1002,689,28,0,0,36.8
326,0,138,199,11,801,792,28,0,0,40.68
304.8,0,99.6,196,9.8,959.4,705.2,28,0,0,30.12
298.1,0,107,186.4,6.1,879,815.2,28,0,0,42.64
317.9,0,126.5,209.7,5.7,860.5,736.6,28,0,0,40.06
355.9,0,141.6,193.3,11,801.4,778.4,28,0,0,40.87
313.8,0,112.6,169.9,10.1,925.3,782.9,28,0,0,38.46
321.4,0,127.9,182.5,11.5,870.1,779.7,28,0,0,37.27
298.2,0,107,209.7,11.1,879.6,744.2,28,0,0,31.88
322.2,0,115.6,196,10.4,817.9,813.4,28,0,0,31.18
185.7,0,101.5,166.9,7.5,1006.4,905.4,90,0,0,38.28
170.7,0,127.4,161.8,7.8,1090,798.5,3,0,0,17.11
180.7,0,127.4,166.1,7.8,1090,798.6,14,0,0,23.34
160.7,0,127.4,162.1,7.8,1090,804,28,0,0,27.41
242.1,0,125.6,184.3,5.7,1057.6,779.3,14,0,0,21.91
212.1,0,125.6,184.2,5.7,1057.6,779.3,28,0,0,21.81
212.1,0,124.6,184.2,5.7,1057.6,779.3,56,0,0,33.21
240,0,118.3,191.9,4.6,1029.4,758.6,90,0,0,32.31
195.3,0,124.2,160.8,9.9,1068.1,802.6,3,0,0,9.49
190.7,0,124.2,161.9,9.9,1088.1,802.6,14,0,0,23.1
168.1,0,168.3,172.4,4.5,1058.6,780.1,3,0,0,11.78
136.1,0,163.3,176.5,4.5,1058.6,780.1,14,0,0,27.49
165.2,0,161.3,172.4,4.5,1058.6,780.1,28,0,0,25.2
230.6,0,118.2,195.2,6.1,1028.1,757.6,3,0,0,15.47
228.7,0,119.2,191.3,6.1,1028.1,757.6,14,0,0,21.31
229.7,0,118.2,195.2,6.1,1028.1,757.6,90,0,0,42.37
248.1,0,94.1,186.7,7,949.9,847,3,0,0,21.43
238.1,0,92.1,188.7,7,949.9,847,14,0,0,26.6
248.1,0,92.1,186.7,7,949.9,847,90,0,0,47.83
250.5,0,95.7,187.4,5.5,956.9,861.2,3,0,0,12.78
251,0,95.7,186.5,5.5,956.9,861.2,14,0,0,27.4
212.5,0,124.9,159,7.8,1085.4,799.5,28,0,0,18.42
212.6,0,124.7,181.9,5.8,1028.4,757.7,14,0,0,30.92
251.8,0,124.2,188.5,6.4,1028.4,810.7,56,0,0,34.9
251.9,0,122.8,181.6,6.4,1028.4,757.7,90,0,0,45.2
181.8,0,122.8,169.6,7.6,1055.6,810.7,3,0,0,14.61
181.8,0,122.8,170.6,7.6,1055.6,810.7,14,0,0,22.93
181.8,0,122.8,169.6,7.6,1055.6,777.8,28,0,0,28.79
182.5,0,124.4,170.6,7.6,1055.6,777.8,56,0,0,37.77
181.4,0,121.8,169.6,7.6,1055.6,777.8,90,0,0,46.77
250.1,0,124.8,168.3,9.4,961.2,865,90,0,0,45.99
230.1,0,124.8,160.6,11.8,973.9,875.6,3,0,0,22.11
220.8,0,124.8,146.1,12.4,1006,899.8,28,0,0,31.74
210.8,0,124.8,143.3,12,1086.8,800.9,56,0,0,62.55
220.8,0,124.7,141.1,12,1086.8,800.9,90,0,0,62.32
213.7,0,124.8,154.8,10.2,1053.5,776.4,28,0,0,43.15
213.7,0,124.8,155,10.2,1053.5,776.4,56,0,0,47.14
213.7,0,124.8,154.8,10.2,1053.5,776.4,90,0,0,54.09
213.5,0,124.8,155.6,11.7,1052.3,775.5,3,0,0,19.64
213.5,0,124.8,154.6,11.7,1052.3,800,14,0,0,36.98
185.5,0,102,166.6,7.7,1009.5,908.5,90,0,0,39.4
170.5,0,127.9,161.5,8,1093.1,801.6,3,0,0,18.23
180.5,0,127.9,165.8,8,1093.1,801.7,14,0,0,24.46
160.5,0,127.9,161.8,8,1093.1,807.1,28,0,0,28.53
241.9,0,126.1,184,5.9,1060.7,782.4,14,0,0,23.03
211.9,0,126.1,183.9,5.9,1060.7,782.4,28,0,0,22.93
211.9,0,125.1,183.9,5.9,1060.7,782.4,56,0,0,34.33
239.8,0,118.8,191.6,4.8,1032.5,761.7,90,0,0,33.43
195.1,0,124.7,160.5,10.1,1091.2,805.7,3,0,0,10.61
190.5,0,124.7,161.6,10.1,1091.2,805.7,14,0,0,24.22
167.9,0,168.8,172.1,4.7,1061.7,783.2,3,0,0,12.9
135.9,0,163.8,176.2,4.7,1061.7,783.2,14,0,0,28.61
165,0,161.8,172.1,4.7,1061.7,783.2,28,0,0,26.32
230.4,0,118.7,194.9,6.3,1031.2,760.7,3,0,0,16.59
228.5,0,119.7,191,6.3,1031.2,760.7,14,0,0,22.43
229.5,0,118.7,194.9,6.3,1031.2,760.7,90,0,0,43.49
247.9,0,94.6,186.4,7.2,953,850.1,3,0,0,22.55
237.9,0,92.6,188.4,7.2,953,850.1,14,0,0,27.72
247.9,0,92.6,186.4,7.2,953,850.1,90,0,0,48.95
250.3,0,96.2,187.1,5.7,960,864.3,3,0,0,13.9
250.8,0,96.2,186.2,5.7,960,864.3,14,0,0,28.S2
212.3,0,125.4,158.7,8,1088.5,802.6,3,0,0,19.54
212.4,0,125.2,181.6,6,1031.5,760.8,14,0,0,32.04
251.6,0,124.7,188.2,6.6,1031.5,813.8,56,0,0,36.02
251.7,0,123.3,181.3,6.6,1031.5,760.8,90,0,0,46.32
181.6,0,123.3,169.3,7.8,1058.7,813.8,3,0,0,15.73
181.6,0,123.3,170.3,7.8,1058.7,813.8,14,0,0,24.05
181.6,0,123.3,169.3,7.8,1058.7,780.9,28,0,0,29.91
182.3,0,124.9,170.3,7.8,1058.7,780.9,56,0,0,38.89
181.2,0,122.3,169.3,7.8,1058.7,780.9,90,0,0,47.89
249.9,0,125.3,168,9.6,964.3,868.1,90,0,0,47.11
229.9,0,125.3,160.3,12,977,878.7,3,0,0,23.23
220.6,0,125.3,145.8,12.6,1009.1,902.9,28,0,0,32.86
210.6,0,125.3,143,12.2,1089.9,804,56,0,0,63.67
220.6,0,125.2,140.8,12.2,1089.9,804,90,0,0,63.44
213.5,0,125.2,154.5,10.4,1056.6,779.5,28,0,0,44.27
213.5,0,125.3,154.7,10.4,1056.6,779.5,56,0,0,48.26
213.5,0,125.3,154.5,10.4,1056.6,779.5,90,0,0,55.21
213.3,0,125.3,155.3,11.9,1055.4,778.6,3,0,0,20.76
213.3,0,125.3,154.3,11.9,1055.4,803.1,14,0,0,38.1
213.3,0,125.3,155.4,11.9,1055.4,803.1,28,0,0,43.56
213.3,0,125.3,154.3,11.9,1055.4,803.6,56,0,0,50.55
213.3,0,125.3,155.2,11.9,1055.4,803.1,90,0,0,59.52
218.7,0,125.3,158.2,11.5,1081.8,798,56,0,0,41.33
218.7,0,125.3,159.8,11.5,1081.8,798,90,0,0,46.37
37S.8,0,125.3,216.4,0,1006.6,765.S,3,0,0,20.1
190.1,0,125.3,165.3,10.1,1082.1,802,14,0,0,21.34
164.8,0,125.3,163.5,0,1008.7,904,28,0,0,27.23
190.1,0,125.3,165,10.1,1082.1,802,28,0,0,27.79
249.8,0,125.3,192.5,5.5,952,860.3,28,0,0,29.33
213.3,0,125.3,158.9,11.9,1046.7,775,28,0,0,45.73
194.5,0,125.3,171.2,7.7,1001.1,904.9,28,0,0,40.39
251.2,0,125.3,192.6,6,1046.7,757.4,28,0,0,38.11
309.8,0,125.3,189.6,0,939.3,715.3,28,0,0,42.06
279.8,0,125.3,189.6,0,939.3,703.1,7,0,0,37.69
290,0,125.3,183.3,0,1072.3,757.4,7,0,0,24.3
252.3,0,125.3,186.4,0,1114.7,787.4,7,0,0,14.23
338.8,0,125.3,196.7,0,971.1,803.1,3,0,0,19.36
256.8,0,125.3,192.5,0,971.1,859.6,90,0,0,28.66
253.8,0,125.3,192.4,0,971.1,802.8,90,0,0,29.78
306.8,0,125.3,193.2,0,971.1,802.6,28,0,0,30.45
306.8,0,125.3,190.9,0,971.1,802.6,90,0,0,37.04
289.8,0,125.3,191.9,0,939.1,758.1,28,0,0,47.41
296.8,0,125.3,191,0,939.1,758.1,90,0,0,52.3
298.8,0,125.3,187,0,969.1,766.1,3,0,0,18.23
287.8,0,125.3,188.3,0,969.1,761.1,7,0,0,22.33
288.8,0,125.3,188.3,0,969.1,762.1,14,0,0,30.34
291.8,0,125.3,187,0,969.1,766.1,28,0,0,34.67
330.8,0,125.3,191.9,0,981.1,804.1,90,0,0,41.22
348.8,0,125.3,191.9,0,1050.1,809.1,3,0,0,17.71
294.8,0,125.3,185,0,1072.1,772.S,28,0,0,28.31
237.8,0,125.3,184.9,0,1121.1,792.1,28,0,0,17.96
295.8,0,125.2,191,0,1088.1,768.6,7,0,0,17.95
322.3,0,125.3,203.1,0,977.1,843.1,14,0,0,25.23
321.8,0,124.9,201.2,0,977.1,803.3,28,0,0,27.27
321.8,0,125.3,202.4,0,977.1,823.1,90,0,0,31.69
301.8,0,125.3,202.4,0,977.1,820.1,28,0,0,27.23
312.3,0,125.1,182.1,0,1043.1,737.1,28,0,0,41.2
316.8,0,125.3,192.2,0,939.1,724.1,3,0,0,27.41
209.8,0,125.3,142.2,0,899.1,899.1,7,0,0,50.53
220.7,0,125.3,142.2,0,899.1,899.1,28,0,0,73.23
143.8,0,125.3,157.9,18.2,946.1,847.1,28,0,0,18.54
147.8,0,125.3,158.1,16.2,1005.1,833.1,28,0,0,21.07
325.8,0,125.1,198.8,11.2,804.1,795.1,28,0,0,40.9
289.8,0,125.3,220.2,11.2,901.1,716.1,28,0,0,10.71
299.6,0,125.3,211.2,10.1,881.3,730.7,28,0,0,26.93
147.9,0,125.1,158.9,16.3,1004.9,833.2,28,0,0,20.1
326.3,0,125.3,193,11,804.2,795.6,28,0,0,36.73
276.2,0,125.3,217.1,11.2,900.8,716,28,0,0,10.67
150.5,0,125.3,164.3,15.8,1077.6,690.1,28,0,0,16.56
190.6,0,125.3,184.8,11.3,982.6,814.1,28,0,0,16.33
190.7,0,125.3,167.9,11.8,994.3,787.1,28,0,0,19.78
188.5,0,125.3,182.1,11.9,1026.4,735.1,28,0,0,21.13
297.9,0,125.1,189.1,6.3,882.1,818.1,28,0,0,42.76
318.7,0,125.3,212.4,5.9,863.6,728.1,28,0,0,37.21
355.7,0,125,196,11.2,804.5,772.1,28,0,0,37.39
199.6,0,125.3,185.1,12.8,852.4,859.6,28,0,0,19.13
278.5,0,125.3,170,10.3,928.4,785.1,28,0,0,42.28
305.5,0,125,217,10.6,942.2,796.3,28,0,0,42.89
318.5,0,125.3,196,11.2,856.3,736.5,28,0,0,43.6
533.33,0,0,159.999,0,1201,677,28,0,0,91.87
506.67,0,0,152.001,0,1182,666,28,0,5,95.6
480,0,0,144,0,1163,655,28,0,10,98.81
453.33,0,0,135.999,0,1144,645,28,0,15,91.04
462,0,0,161.7,0,1176,716,28,0,0,40.5
438,0,0,153.3,0,1174,715,28,0,5,50.6
415,0,0,145.25,0,1172,714,28,0,10,52.3
391,0,0,136.85,0,1170,712,28,0,15,55.6
450,0,0,148.5,0,375.3,743.5,28,0,0,39.7
450,0,0,148.5,0,376.4,745.8,28,0,5,39.8
450,0,0,148.5,0,377.5,748,28,0,10,40.1
450,0,0,148.5,0,378.8,750.6,28,0,15,39.4
433,0,0,207.84,0,915,761,28,0,0,46.6
346,0,0,179.92,0,915,697,28,0,20,52.3
346,0,0,176.46,0,915,709,28,0,15,47.8
346,0,0,166.08,0,915,745,28,0,10,48.3
346,0,0,159.16,0,915,769,28,0,5,45
346,0,0,152.24,0,915,798,28,0,0,43.5
16.9,0,0,10.14,0,62.7,20.4,28,0,0,38.1
15.21,0,0,9.8865,0,62.7,20.4,28,0,10,37
15.21,0,0,9.126,0,62.7,20.4,28,0,10,42.3
13.52,0,0,9.464,0,62.7,20.4,28,0,20,34.3
13.52,0,0,8.112,0,62.7,20.4,28,0,20,44.6
11.83,0,0,8.8725,0,62.7,20.4,28,0,30,30.3
11.83,0,0,7.098,0,62.7,20.4,28,0,30,45.1
400,0,0,168,0,912,676,7,0,0,27.26
400,0,0,168,0,912,676,28,0,0,43.14
400,0,0,168,0,912,676,7,0,5,29.64
400,0,0,168,0,912,676,28,0,5,45.34
400,0,0,168,0,912,676,7,0,10,34.59
400,0,0,168,0,912,676,28,0,10,48.07
400,0,0,168,0,912,676,7,0,15,33.9
400,0,0,168,0,912,676,28,0,15,50.29
400,0,0,168,0,912,676,7,0,20,29.77
400,0,0,168,0,912,676,28,0,20,42.01
400,0,0,168,0,912,676,7,0,25,26.2
400,0,0,168,0,912,676,28,0,25,41.25
350,0,0,122.5,0,1240,0,28,0,0,27.02
332.5,0,0,116.375,0,1240,0,28,0,5,30.24
315,0,0,110.25,0,1240,0,28,0,10,34.27
297.5,0,0,104.125,0,1240,0,28,0,15,38.75
280,0,0,98,0,1240,0,28,0,20,31.97
450,0,0,180,0,900,930,28,0,0,40.2
436.5,0,0,174.6,0,898,927,28,0,3,37.9
427.5,0,0,171,0,896,926,28,0,5,42.6
414,0,0,165.6,0,897,926,28,0,8,45.6
400.5,0,0,160.2,0,895,925,28,0,11,43.9
382.5,0,0,153,0,893,923,28,0,15,45.9
360,0,0,144,0,891,921,28,0,20,48.9
337.5,0,0,135,0,889,919,28,0,25,48.9
450,0,0,202.5,0,1040,482,28,0,0,33.8
428,0,0,192.6,0,1040,482,28,0,5,35.6
405,0,0,182.25,0,1040,482,28,0,10,38.2
383,0,0,172.35,0,1040,482,28,0,15,40.5
400,0,0,120,0,800,0,7,0,0,6.5
400,0,0,120,0,800,0,14,0,0,8.2
400,0,0,120,0,800,0,28,0,0,10
400,0,0,120,0,800,0,7,0,10,23
400,0,0,120,0,800,0,14,0,10,24.2
400,0,0,120,0,800,0,28,0,10,25
314,0,0,94.2,0,784,0,28,0,0,4.5
307.72,0,0,92.316,0,784,0,28,0,2,5.1
638,0,0,220.11,0,506,422,28,0,0,34.1
606,0,0,209.07,0,506,422,28,0,5,39.5
574,0,0,198.03,0,506,422,28,0,10,38.3
542,0,0,186.99,0,506,422,28,0,15,40.3
510,0,0,175.95,0,506,422,28,0,20,41.8
360,0,0,180,0,1160,681,3,0,0,34.3
360,0,0,180,0,1160,681,28,0,0,60.5
324,0,0,162,0,1160,681,28,0,10,63.8
324,0,0,162,0,1160,681,180,0,10,68.4
445,0,0,133.5,0,1102,768,7,0,0,23.9
445,0,0,133.5,0,1102,768,28,0,0,47.3
423,0,0,126.9,0,1102,768,7,0,5,25.5
423,0,0,126.9,0,1102,768,28,0,5,50.7
400,0,0,120,0,1102,768,7,0,10,27.2
400,0,0,120,0,1102,768,28,0,10,55.2
378,0,0,113.4,0,1102,768,7,0,15,26.7
378,0,0,113.4,0,1102,768,28,0,15,52.7
356,0,0,106.8,0,1102,768,7,0,20,25.4
356,0,0,106.8,0,1102,768,28,0,20,50.1
420,0,0,180.6,0,1232,668,28,0,0,47.3
399,0,0,171.57,0,1232,668,28,0,5,50.6
378,0,0,162.54,0,1232,668,28,0,10,55.2
357,0,0,153.51,0,1232,668,28,0,15,53
336,0,0,144.48,0,1232,668,28,0,20,50.2
400,0,0,200,0,765,935,28,0,0,48.3
360,0,0,180,0,765,935,28,0,10,52.5
350,0,0,175,0,765,935,28,0,12.5,53.8
340,0,0,170,0,765,935,28,0,15,51.6
400,0,0,160,0,810,990,28,0,0,55.7
360,0,0,144,0,810,990,28,0,10,60.5
350,0,0,140,0,810,990,28,0,12.5,63.4
340,0,0,136,0,810,990,28,0,15,59.8
400,0,0,140,0,832.5,1017.5,28,0,0,62.1
360,0,0,126,0,832.5,1017.5,28,0,10,67.2
350,0,0,122.5,0,832.5,1017.5,28,0,12.5,69.7
340,0,0,119,0,832.5,1017.5,28,0,15,65.3
383,0,0,177.712,0,1170,630,7,0,0,30.66
383,0,0,177.712,0,1170,630,28,0,0,35.56
383,0,0,177.712,0,1170,630,56,0,0,38.91
371,0,0,172.144,0,1170,630,7,0,3,34.44
371,0,0,172.144,0,1170,630,28,0,3,38.21
371,0,0,172.144,0,1170,630,56,0,3,42.78
360,0,0,167.04,0,1170,630,7,0,6,36.22
360,0,0,167.04,0,1170,630,28,0,6,41.12
360,0,0,167.04,0,1170,630,56,0,6,46.34
349,0,0,161.936,0,1170,630,7,0,9,39.78
349,0,0,161.936,0,1170,630,28,0,9,43.56
349,0,0,161.936,0,1170,630,56,0,9,48.42
337,0,0,156.368,0,1170,630,7,0,12,37.33
337,0,0,156.368,0,1170,630,28,0,12,40.12
337,0,0,156.368,0,1170,630,56,0,12,45.23
326,0,0,151.264,0,1170,630,7,0,15,30.12
326,0,0,151.264,0,1170,630,28,0,15,34.67
326,0,0,151.264,0,1170,630,56,0,15,38.21
314,0,0,145.696,0,1170,630,7,0,18,27.11
314,0,0,145.696,0,1170,630,28,0,18,31.56
314,0,0,145.696,0,1170,630,56,0,18,32.44
400,0,0,160,0,1050,750,7,0,5,30.5
400,0,0,160,0,1050,750,7,0,10,32.8
400,0,0,160,0,1050,750,7,0,15,35.2
400,0,0,160,0,1050,750,7,0,20,36.5
400,0,0,160,0,1050,750,28,0,5,42.3
400,0,0,160,0,1050,750,28,0,10,44.7
400,0,0,160,0,1050,750,28,0,15,46.8
400,0,0,160,0,1050,750,28,0,20,48.1
400,0,0,196,0,1050,750,7,0,10,21.03
400,0,0,196,0,1050,750,7,0,15,22.29
400,0,0,196,0,1050,750,7,0,20,17.29
400,0,0,196,0,1050,750,7,0,25,15.84
400,0,0,196,0,1050,750,28,0,10,39.38
400,0,0,196,0,1050,750,28,0,15,40.62
400,0,0,196,0,1050,750,28,0,20,37.5
400,0,0,196,0,1050,750,28,0,25,36.87
712,0,0,195.8,0,1246,712,7,0,0,63.39
712,0,0,195.8,0,1246,712,7,0,10,76.78
712,0,0,195.8,0,1246,712,7,0,20,68.97
712,0,0,195.8,0,1246,712,7,0,30,61.97
712,0,0,231.4,0,1246,712,28,0,0,71.53
712,0,0,231.4,0,1246,712,28,0,10,86.1
712,0,0,231.4,0,1246,712,28,0,20,77.33
712,0,0,231.4,0,1246,712,28,0,30,71.01
712,0,0,267,0,1246,712,56,0,0,65.58
712,0,0,267,0,1246,712,56,0,10,82.11
712,0,0,267,0,1246,712,56,0,20,73.53
712,0,0,267,0,1246,712,56,0,30,64.9
553,0,0,221.2,0,976,565,7,0,0,29
526,0,0,210.4,0,976,565,7,0,5,37
498,0,0,199.2,0,976,565,7,0,10,46
553,0,0,221.2,0,976,565,28,0,0,37
526,0,0,210.4,0,976,565,28,0,5,46
498,0,0,199.2,0,976,565,28,0,10,53
420,0,0,168,0,1087,725,28,0,0,42.1
420,0,0,168,0,1027,685,28,0,0,39.5
399,0,0,159.6,0,1027,685,28,0,5,47.3
336,0,0,134.4,0,1027,685,28,0,10,46.7
336,0,0,134.4,0,1027,685,28,0,10,46.5
273,0,0,109.2,0,1027,685,28,0,15,47.8
510,0,0,163.2,0,972,806,7,0,0,43.9
510,0,0,163.2,0,972,806,28,0,0,61.9
485,0,0,155.2,0,972,806,7,0,5,47.4
485,0,0,155.2,0,972,806,28,0,5,64.6
460,0,0,147.2,0,972,806,7,0,10,50.2
460,0,0,147.2,0,972,806,28,0,10,70.4
435,0,0,139.2,0,972,806,7,0,15,52.9
435,0,0,139.2,0,972,806,28,0,15,72.7
410,0,0,131.2,0,972,806,7,0,20,50.4
410,0,0,131.2,0,972,806,28,0,20,69.6
350,0,0,157.5,0,1050,750,7,0,0,28.5
350,0,0,157.5,0,1050,750,7,0,5,30.2
350,0,0,157.5,0,1050,750,7,0,10,32.1
350,0,0,157.5,0,1050,750,7,0,15,33.7
350,0,0,157.5,0,1050,750,7,0,20,35
350,0,0,157.5,0,1050,750,7,0,25,36.5
350,0,0,157.5,0,1050,750,28,0,0,38
350,0,0,157.5,0,1050,750,28,0,5,39.8
350,0,0,157.5,0,1050,750,28,0,10,41.5
350,0,0,157.5,0,1050,750,28,0,15,43.2
350,0,0,157.5,0,1050,750,28,0,20,44.8
350,0,0,157.5,0,1050,750,28,0,25,46.3
414,0,0,186.3,0,1400,630,3,0,5,22.4
414,0,0,186.3,0,1400,630,3,0,10,23.8
414,0,0,186.3,0,1400,630,3,0,15,25.6
414,0,0,186.3,0,1400,630,3,0,20,23.1
414,0,0,186.3,0,1400,630,7,0,5,27.3
414,0,0,186.3,0,1400,630,7,0,10,29.1
414,0,0,186.3,0,1400,630,7,0,15,31.4
414,0,0,186.3,0,1400,630,7,0,20,27.8
414,0,0,186.3,0,1400,630,28,0,5,32.2
414,0,0,186.3,0,1400,630,28,0,10,35
414,0,0,186.3,0,1400,630,28,0,15,38.3
414,0,0,186.3,0,1400,630,28,0,20,34.2
414,0,0,186.3,0,1400,630,90,0,5,37.9
414,0,0,186.3,0,1400,630,90,0,10,40.7
414,0,0,186.3,0,1400,630,90,0,15,44.8
414,0,0,186.3,0,1400,630,90,0,20,39.5
510,0,0,163.2,0,972,806,7,0,0,45.1
485,0,0,155.2,0,972,806,7,0,5,50.9
460,0,0,147.2,0,972,806,7,0,10,51.9
435,0,0,139.2,0,972,806,7,0,15,54.8
410,0,0,131.2,0,972,806,7,0,20,51.4
510,0,0,163.2,0,972,806,28,0,0,61.9
485,0,0,155.2,0,972,806,28,0,5,64.6
460,0,0,147.2,0,972,806,28,0,10,70.4
435,0,0,139.2,0,972,806,28,0,15,72.7
410,0,0,131.2,0,972,806,28,0,20,69.6
199.77,0,0,79.908,0,1198.65,766.35,3,0,0,14.1
199.77,0,0,79.908,0,1198.65,766.35,7,0,0,21.96
199.77,0,0,79.908,0,1198.65,766.35,28,0,0,25.83
199.77,0,0,79.908,0,1198.65,766.35,60,0,0,31.9
199.77,0,0,79.908,0,1198.65,766.35,90,0,0,36.22
199.77,0,0,79.908,0,1198.65,766.35,3,0,5,12.81
199.77,0,0,79.908,0,1198.65,766.35,7,0,5,15.87
199.77,0,0,79.908,0,1198.65,766.35,28,0,5,23.94
199.77,0,0,79.908,0,1198.65,766.35,60,0,5,31.1
199.77,0,0,79.908,0,1198.65,766.35,90,0,5,35.95
199.77,0,0,79.908,0,1198.65,766.35,3,0,10,9.39
199.77,0,0,79.908,0,1198.65,766.35,7,0,10,11.88
199.77,0,0,79.908,0,1198.65,766.35,28,0,10,23.2
199.77,0,0,79.908,0,1198.65,766.35,60,0,10,25.62
199.77,0,0,79.908,0,1198.65,766.35,90,0,10,33.36
199.77,0,0,79.908,0,1198.65,766.35,3,0,20,9.1
199.77,0,0,79.908,0,1198.65,766.35,7,0,20,12.07
199.77,0,0,79.908,0,1198.65,766.35,28,0,20,20.96
199.77,0,0,79.908,0,1198.65,766.35,60,0,20,23.63
199.77,0,0,79.908,0,1198.65,766.35,90,0,20,29.7
400,0,0,180,0,1000,800,7,0,0,30.5
400,0,0,180,0,1000,800,28,0,0,44.8
380,0,0,171,0,1000,800,7,0,5,33.2
380,0,0,171,0,1000,800,28,0,5,47.1
360,0,0,162,0,1000,800,7,0,10,35.8
360,0,0,162,0,1000,800,28,0,10,48.6
340,0,0,153,0,1000,800,7,0,15,37.5
340,0,0,153,0,1000,800,28,0,15,53.3
400,0,0,180,0,1200,600,7,0,0,30
400,0,0,180,0,1200,600,28,0,0,40.5
380,0,0,171,0,1200,600,7,0,10,35.2
380,0,0,171,0,1200,600,28,0,10,45.7
360,0,0,162,0,1200,600,7,0,15,37.8
360,0,0,162,0,1200,600,28,0,15,50.3
340,0,0,153,0,1200,600,7,0,20,32.5
340,0,0,153,0,1200,600,28,0,20,42.9
400,0,0,200,0,1465,600,7,0,0,25
400,0,0,200,0,1465,600,28,0,0,34.5
380,0,0,190,0,1465,600,7,0,10,28.5
380,0,0,190,0,1465,600,28,0,10,41.5
360,0,0,180,0,1465,600,7,0,15,27.8
360,0,0,180,0,1465,600,28,0,15,39.8
450,0,0,202.5,0,1000,570.96,28,0,0,24.2
450,0,0,202.5,0,1000,565.8,28,0,0,26.1
450,0,0,202.5,0,1000,560.65,28,0,0,27.3
450,0,0,202.5,0,1000,550.34,28,0,0,29.6
405,0,0,182.25,0,1000,562.64,28,0,10,28.8
405,0,0,182.25,0,1000,557.48,28,0,10,31
405,0,0,182.25,0,1000,552.32,28,0,10,32.4
405,0,0,182.25,0,1000,542.01,28,0,10,36.1
360,0,0,162,0,1000,554.31,28,0,20,28.6
360,0,0,162,0,1000,549.16,28,0,20,30.4
360,0,0,162,0,1000,544,28,0,20,32
360,0,0,162,0,1000,533.69,28,0,20,34.5
350,0,0,133,0,1113,567,28,0,0,30.1
332.5,0,0,126.35,0,1113,453.6,28,0,5,32.4
315,0,0,119.7,0,1113,340.2,28,0,10,35.4
350,0,0,133,0,1113,453.6,28,0,0,33.1
315,0,0,119.7,0,1113,340.2,28,0,10,41.3
297.5,0,0,113.05,0,1113,226.8,28,0,10,38.2
280,0,0,106.4,0,1113,113.4,28,0,10,36.5
455,0,0,204.75,0,625,1065,3,0,0%,24.5
455,0,0,204.75,0,625,1065,14,0,0%,35.2
455,0,0,204.75,0,625,1065,28,0,0%,42.1
318,0,0,143.1,0,625,1065,3,0,0%,22.8
318,0,0,143.1,0,625,1065,14,0,0%,33.5
318,0,0,143.1,0,625,1065,28,0,0%,40.2
318,0,0,143.1,0,625,1065,3,0,10%,23.6
318,0,0,143.1,0,625,1065,14,0,10%,34.1
318,0,0,143.1,0,625,1065,28,0,10%,41.5
318,0,0,143.1,0,625,1065,3,0,0%,24.1
318,0,0,143.1,0,625,1065,14,0,0%,35.0
318,0,0,143.1,0,625,1065,28,0,0%,42.8
679,0,0,152.775,0,834,788,1,0,0%,36.2
679,0,0,152.775,0,834,788,7,0,0%,59.4
679,0,0,152.775,0,834,788,28,0,0%,74.5
645,0,0,145.125,0,834,788,1,0,5%,35.8
645,0,0,145.125,0,834,788,7,0,5%,57.9
645,0,0,145.125,0,834,788,28,0,5%,78.6
611,0,0,137.475,0,834,788,1,0,10%,35.2
611,0,0,137.475,0,834,788,7,0,10%,56.5
611,0,0,137.475,0,834,788,28,0,10%,81.2
577,0,0,129.825,0,834,788,1,0,15%,34.7
577,0,0,129.825,0,834,788,7,0,15%,55.1
577,0,0,129.825,0,834,788,28,0,15%,83.5
543,0,0,122.175,0,834,788,1,0,20%,34.1
543,0,0,122.175,0,834,788,7,0,20%,54.2
543,0,0,122.175,0,834,788,28,0,20%,85.2
509,0,0,114.525,0,834,788,1,0,25%,33.8
509,0,0,114.525,0,834,788,7,0,25%,52.9
509,0,0,114.525,0,834,788,28,0,25%,88
475,0,0,106.875,0,834,788,1,0,30%,33.5
475,0,0,106.875,0,834,788,7,0,30%,51.4
475,0,0,106.875,0,834,788,28,0,30%,84.3
550,0,0,137.5,0,994,757,28,0,0%,75.4
522.5,0,0,130.625,0,994,757,28,0,5%,79.8
467.5,0,0,116.875,0,994,757,28,0,15%,85.8
470,0,0,164.5,0,994,757,28,0,0%,61.8
446.5,0,0,156.275,0,994,757,28,0,5%,67.2
399.5,0,0,139.825,0,994,757,28,0,15%,73.3
500,0,0,165,0,910,770,28,0,0%,48.2
460,0,0,151.8,0,910,770,28,0,8%,59.3
420,0,0,138.6,0,910,770,28,0,16%,52.5
460,0,0,151.8,0,910,770,28,0,0%,54.4
420,0,0,138.6,0,910,770,28,0,0%,45.5
420,0,0,138.6,0,910,770,28,0,8%,49
340,0,0,112.2,0,910,770,28,0,16%,43.8
400,0,0,200,0,1012,545,28,0,0%,30
400,0,0,200,0,1012,490.5,28,0,10%,61.5
400,0,0,200,0,1012,436,28,0,20%,64
400,0,0,200,0,1012,317.8,28,0,30%,66.5
400,0,0,200,0,1012,327,28,0,40%,69.1
400,0,0,200,0,1012,272.5,28,0,50%,25
305,0,0,131.15,0,910,430.5,7,0,13,15
305,0,0,131.15,0,910,430.5,7,0,13,21.2
305,0,0,131.15,0,910,430.5,7,0,13,18.2
305,0,0,131.15,0,910,430.5,7,0,13,13.6
305,0,0,131.15,0,910,430.5,7,0,13,9.9
305,0,0,131.15,0,910,430.5,28,0,13,25
305,0,0,131.15,0,910,430.5,28,0,13,35.3
305,0,0,131.15,0,910,430.5,28,0,13,30.4
305,0,0,131.15,0,910,430.5,28,0,13,22.6
305,0,0,131.15,0,910,430.5,28,0,13,16.4
400,0,0,160,0,877.2,802.9,7,0,0,60
360,0,0,144,0,877.2,802.9,7,0,10,68
320,0,0,128,0,877.2,802.9,7,0,20,77.7
400,0,0,180,0,851.7,732.5,7,0,0,55
360,0,0,162,0,851.7,732.5,7,0,10,63
320,0,0,144,0,851.7,732.5,7,0,20,68
380,0,0,190,0,685,755,28,0,0,35.6
380,0,0,190,0,685,755,28,0,5,42.1
380,0,0,190,0,685,755,28,0,10,49.3
380,0,0,190,0,685,755,28,0,15,52.7
380,0,0,190,0,685,755,28,0,20,48.5
380,0,0,190,0,685,755,28,0,25,45.2
380,0,0,190,0,685,755,28,0,30,41.8
460,0,0,174.8,0,781,940,28,0,0,41.2
460,0,0,174.8,0,815,970,28,0,5,47.8
460,0,0,174.8,0,815,970,28,0,10,55.3
460,0,0,174.8,0,815,970,28,0,15,58.9
460,0,0,174.8,0,815,970,28,0,20,54.1
400,0,0,148,0,765,1067,28,0,0,38.5
400,0,0,148,0,778,1085,28,0,10,48.9
400,0,0,148,0,778,1085,28,0,20,45.7
400,0,0,220,0,800,880,28,0,0,33.4
400,0,0,220,0,800,880,28,0,5,39.6
400,0,0,220,0,800,880,28,0,10,46.2
400,0,0,220,0,800,880,28,0,15,49.8
400,0,0,220,0,800,880,28,0,20,45.3
400,0,0,220,0,800,880,28,0,25,41.5
400,0,0,220,0,800,880,28,0,30,38.2
500,0,0,190,0,650,900,28,0,0,44.1
500,0,0,190,0,650,900,28,0,5,50.2
500,0,0,190,0,650,900,28,0,10,57.1
500,0,0,190,0,650,900,28,0,15,60.3
533.33,0,0,160,0,1201,677,28,0,0,91.87
506.67,0,0,152,0,1182,666,28,0,5,95.6
480,0,0,144,0,1163,655,28,0,10,98.81
453.33,0,0,136,0,1144,645,28,0,15,91.04
462,0,0,161.7,0,1176,716,28,0,0,40.5
445,0,0,155.8,0,1160,710,60,0,10,58
400,0,0,140,0,1130,690,60,0,15,50
512,0,0,163.8,0,1037,594,3,0,0,18.96
512,0,0,163.8,0,1037,594,7,0,0,35.32
512,0,0,163.8,0,1037,594,28,0,0,49.85
435.2,0,0,163.8,0,1037,594,3,0,15,20.96
435.2,0,0,163.8,0,1037,594,7,0,15,42.03
435.2,0,0,163.8,0,1037,594,28,0,15,63.06
256,0,0,163.8,0,1037,594,3,0,50,13.66
256,0,0,163.8,0,1037,594,7,0,50,27.34
256,0,0,163.8,0,1037,594,28,0,50,41.13
350,0,0,98,0,1504,75,28,0,0,34.66
332,0,0,93,0,1504,75,28,0,5,35.28
315,0,0,88.2,0,1504,75,28,0,10,38.1
362.5,0,0,144.4,0,1044.91,911.53,28,0,0,30
333.5,0,0,144.4,0,1044.91,906.02,28,0,8,32.4
400,0,0,152,0,1258,679,7,0,0,39.8
400,0,0,152,0,1258,679,28,0,0,48.5
400,0,0,152,0,1258,679,90,0,0,52.1
384,0,0,146,0,1258,679,7,0,4,41.2
384,0,0,146,0,1258,679,28,0,4,50
384,0,0,146,0,1258,679,90,0,4,53
368,0,0,140,0,1258,679,7,0,8,41.5
368,0,0,140,0,1258,679,8,0,8,50.7
368,0,0,140,0,1258,679,9,0,8,54
352,0,0,134,0,1258,679,7,0,12,42.6
352,0,0,134,0,1258,679,28,0,12,52
352,0,0,134,0,1258,679,90,0,12,55.2
336,0,0,128,0,1258,679,7,0,16,44
336,0,0,128,0,1258,679,28,0,16,53.5
336,0,0,128,0,1258,679,90,0,16,56.1
320,0,0,122,0,1258,679,7,0,20,42.5
320,0,0,122,0,1258,679,28,0,20,51.8
320,0,0,122,0,1258,679,90,0,20,55
304,0,0,116,0,1258,679,7,0,24,41
304,0,0,116,0,1258,679,28,0,24,49.5
304,0,0,116,0,1258,679,90,0,24,53
288,0,0,110,0,1258,679,7,0,28,40.2
288,0,0,110,0,1258,679,28,0,28,47.8
288,0,0,110,0,1258,679,90,0,28,52.2
412,0,0,167,0,1221,636,7,0,0,35.1
412,0,0,167,0,1221,636,28,0,0,49.2
395.5,0,0,167,0,1221,636,7,0,4,37.8
395.5,0,0,167,0,1221,636,28,0,4,52.4
395.5,0,0,167,0,1221,604.2,7,0,4,38.4
395.5,0,0,167,0,1221,604.2,28,0,4,53.1
395.5,0,0,167,0,1221,572.4,7,0,4,39.2
395.5,0,0,167,0,1221,572.4,28,0,4,54
395.5,0,0,167,0,1221,540.6,7,0,4,38.7
395.5,0,0,167,0,1221,540.6,28,0,4,53.5
379,0,0,167,0,1221,636,7,0,8,39.5
379,0,0,167,0,1221,636,28,0,8,54.1
379,0,0,167,0,1221,604.2,7,0,8,40
379,0,0,167,0,1221,604.2,28,0,8,55
379,0,0,167,0,1221,572.4,7,0,8,40.5
379,0,0,167,0,1221,572.4,28,0,8,55.8
379,0,0,167,0,1221,540.6,7,0,8,40.2
379,0,0,167,0,1221,540.6,28,0,8,55.3
362.5,0,0,167,0,1221,636,7,0,12,40.1
362.5,0,0,167,0,1221,636,28,0,12,55.2
362.5,0,0,167,0,1221,604.2,7,0,12,40.6
362.5,0,0,167,0,1221,604.2,28,0,12,55.9
362.5,0,0,167,0,1221,572.4,7,0,12,40.1
362.5,0,0,167,0,1221,572.4,28,0,12,56.37
362.5,0,0,167,0,1221,540.6,7,0,12,40
362.5,0,0,167,0,1221,540.6,28,0,12,55.8
346,0,0,167,0,1221,636,7,0,16,38.9
346,0,0,167,0,1221,636,28,0,16,53.6
346,0,0,167,0,1221,604.2,7,0,16,38.5
346,0,0,167,0,1221,604.2,28,0,16,53
346,0,0,167,0,1221,572.4,7,0,16,38.3
346,0,0,167,0,1221,572.4,28,0,16,52.5
346,0,0,167,0,1221,540.6,7,0,16,38
346,0,0,167,0,1221,540.6,28,0,16,52
680,0,0,248,0,0,1350,1,0,0,20.5
680,0,0,248,0,0,1350,7,0,0,50
680,0,0,248,0,0,1350,28,0,0,62
680,0,0,248,0,0,1350,56,0,0,70.5
612,0,0,248,0,0,1350,1,0,10,24.2
612,0,0,248,0,0,1350,7,0,10,55.4
612,0,0,248,0,0,1350,28,0,10,68.5
612,0,0,248,0,0,1350,56,0,10,75
612,0,0,248,0,0,1350,1,0,10,22.9
612,0,0,248,0,0,1350,7,0,10,53.1
612,0,0,248,0,0,1350,28,0,10,66.2
612,0,0,248,0,0,1350,56,0,10,72.8
450,0,0,225,0,0,1350,3,0,0,28.89
450,0,0,225,0,0,1350,14,0,0,40.15
450,0,0,225,0,0,1350,28,0,0,48.32
436.5,0,0,180,0,0,1350,3,0,3,28.35
436.5,0,0,180,0,0,1350,14,0,3,39.85
436.5,0,0,180,0,0,1350,28,0,3,47.65
436.5,0,0,225,0,0,1350,3,0,3,30.53
436.5,0,0,225,0,0,1350,14,0,3,42.21
436.5,0,0,225,0,0,1350,28,0,3,51.1
436.5,0,0,270,0,0,1350,3,0,3,29.66
436.5,0,0,270,0,0,1350,14,0,3,41.1
436.5,0,0,270,0,0,1350,28,0,3,49.75
301.5,0,0,225,0,0,1350,3,0,3,40.72
301.5,0,0,225,0,0,1350,14,0,3,52.85
301.5,0,0,225,0,0,1350,28,0,3,61.25
301.5,0,0,225,0,0,1350,3,0,3,35.92
301.5,0,0,225,0,0,1350,14,0,3,48.05
301.5,0,0,225,0,0,1350,28,0,3,57.65
423,0,0,225,0,0,1350,3,0,3,32.5
423,0,0,225,0,0,1350,14,0,3,44.75
423,0,0,225,0,0,1350,28,0,3,54.1
475,0,0,147.25,0,1107,774,28,0,0,63.7
451.25,0,0,147.25,0,1107,774,28,0,5,66.96
439.38,0,0,147.25,0,1107,774,28,0,7.5,69.04
427.5,0,0,147.25,0,1107,774,28,0,10,65.48
415.63,0,0,147.25,0,1107,774,28,0,12.5,63.26
403.75,0,0,147.25,0,1107,774,28,0,15,60.74
372,0,0,186,0,1238,698,28,0,0,31.9
352.4,0,0,186,0,1238,698,28,0,5,35.84
334.8,0,0,186,0,1238,698,28,0,10,38.81
316.2,0,0,186,0,1238,698,28,0,15,32.58
297.6,0,0,186,0,1238,698,28,0,20,32
,,,,,,,,,,
,,,,,,,,,,
,,,,,,,,,,
,,,,,,,,,,
,,,,,,,,,,
,,,,,,,,,,
,,,,,,,,,,
,,,,,,,,,,
,,,,,,,,,,
,,,,,,,,,,
,,,,,,,,,,
,,,,,,,,,,
,,,,,,,,,,
,,,,,,,,,,
,,,,,,,,,,
,,,,,,,,,,
,,,,,,,,,,
,,,,,,,,,,
,,,,,,,,,,
,,,,,,,,,,
,,,,,,,,,,
,,,,,,,,,,
,,,,,,,,,,
,,,,,,,,,,
,,,,,,,,,,
,,,,,,,,,,
,,,,,,,,,,
,,,,,,,,,,
,,,,,,,,,,
,,,,,,,,,,
,,,,,,,,,,
,,,,,,,,,,
,,,,,,,,,,
,,,,,,,,,,
,,,,,,,,,,
,,,,,,,,,,
,,,,,,,,,,
,,,,,,,,,,
,,,,,,,,,,
,,,,,,,,,,
,,,,,,,,,,
,,,,,,,,,,
,,,,,,,,,,
,,,,,,,,,,
,,,,,,,,,,
,,,,,,,,,,
,,,,,,,,,,
,,,,,,,,,,
,,,,,,,,,,
,,,,,,,,,,
,,,,,,,,,,
,,,,,,,,,,
,,,,,,,,,,
,,,,,,,,,,
,,,,,,,,,,
,,,,,,,,,,
,,,,,,,,,,
,,,,,,,,,,
,,,,,,,,,,
,,,,,,,,,,
,,,,,,,,,,
,,,,,,,,,,
,,,,,,,,,,
,,,,,,,,,,
,,,,,,,,,,
,,,,,,,,,,
,,,,,,,,,,
,,,,,,,,,,
,,,,,,,,,,
,,,,,,,,,,
,,,,,,,,,,
,,,,,,,,,,
,,,,,,,,,,
,,,,,,,,,,
,,,,,,,,,,
,,,,,,,,,,
,,,,,,,,,,
,,,,,,,,,,
,,,,,,,,,,
,,,,,,,,,,
,,,,,,,,,,
,,,,,,,,,,
,,,,,,,,,,
,,,,,,,,,,
,,,,,,,,,,
,,,,,,,,,,
,,,,,,,,,,
,,,,,,,,,,
,,,,,,,,,,
,,,,,,,,,,
,,,,,,,,,,
,,,,,,,,,,
,,,,,,,,,,
,,,,,,,,,,
,,,,,,,,,,
,,,,,,,,,,
,,,,,,,,,,
,,,,,,,,,,
,,,,,,,,,,
,,,,,,,,,,
,,,,,,,,,,
,,,,,,,,,,
,,,,,,,,,,
,,,,,,,,,,
,,,,,,,,,,
,,,,,,,,,,
,,,,,,,,,,
,,,,,,,,,,
,,,,,,,,,,
,,,,,,,,,,
,,,,,,,,,,
,,,,,,,,,,
,,,,,,,,,,
,,,,,,,,,,
,,,,,,,,,,
,,,,,,,,,,
,,,,,,,,,,
,,,,,,,,,,
,,,,,,,,,,
,,,,,,,,,,
,,,,,,,,,,
,,,,,,,,,,
,,,,,,,,,,
,,,,,,,,,,
,,,,,,,,,,
,,,,,,,,,,
,,,,,,,,,,
,,,,,,,,,,
,,,,,,,,,,
,,,,,,,,,,
,,,,,,,,,,
,0,0,,0,,,,0,,
,0,0,,0,,,,0,,
,0,0,,0,,,,0,,
,0,0,,0,,,,0,,
,0,0,,0,,,,0,,
,0,0,,0,,,,0,,